"","GSM812988","GSM812989","GSM812990","GSM812991","GSM812992","GSM812993","GSM812994","GSM812995","GSM812996","GSM812997","GSM812998","GSM812999","GSM813000","GSM813001","GSM813002","GSM813003","GSM813004","GSM813005","GSM813006","GSM813007","GSM813008","GSM813009","GSM813010","GSM813011","GSM813012","GSM813013","GSM813014"
"1552803_a_at",2.1990048212967,2.2270238621412,2.68848722042629,2.74884611502441,2.60754502998029,2.04502806638348,2.57944326629976,2.76277507596131,2.72723912388049,2.52713340824049,2.58934235988116,2.61988154627382,2.55724783452891,2.44790075872435,2.31530508409923,2.38350440921196,2.43023682544774,2.34700339516233,2.26395863679844,1.94141961225429,1.86140000820027,2.12411833335893,1.97110831170259,2.22014264003756,2.14390013429191,2.13280647117635,2.40599127084898
"1553267_a_at",1.97463283039881,2.06682559519753,1.92250881272989,2.12213728189053,2.24147076974139,2.21836612019063,2.1170852588181,1.99336604670413,1.97005774435676,1.8862516278128,2.13076023963803,1.94860047373812,2.05415977731664,2.24014455459487,1.87927485360614,1.97542255237415,1.9312715561236,1.83022611294874,1.90019328042093,1.89837438351062,1.97370384012476,1.93516099413655,1.94141134858505,1.86009155611348,1.90030729600564,1.88948522422504,1.86963810885613
"1553808_a_at",2.35684131988814,2.17392501373366,2.53126940944965,2.38175625528881,2.69627609063362,2.91520517508548,2.01884564947164,2.66656982462707,2.83749422146765,2.6482804348634,2.71577500760601,2.44817810141685,2.68190325487211,2.68409631170905,2.73005558684486,2.68752075404667,3.02975429186772,2.93753554599593,2.89759573019512,2.8807636813683,2.70434258413191,3.23208033899208,3.14502948257298,2.77822266679105,2.77616590679434,3.04808444354761,2.84791074302815
"1554007_at",2.34033666116552,2.0764020934587,2.84333187186293,2.70902346974958,2.57616002802498,2.35508535175314,2.50671262546496,2.62364051604712,2.50198681944149,2.76412976856822,2.9217556459921,2.8856948116898,2.7835563927919,2.79104637401321,2.91193523776045,2.85394536149364,3.00814048009491,3.01927989555527,2.98700736862242,2.895563213675,3.14620325024038,2.64449198962875,3.1828564185746,3.03673699448804,3.0049171520887,3.0150227421179,2.94192886342825
"1555858_at",2.3804025335582,2.45689943523802,2.2132931504889,2.27686882997646,2.36699524497074,2.29253381992057,2.09711486924777,2.1088669830055,2.28477706355188,2.32268040843437,2.4499255348665,2.33684492974375,2.18899680739763,2.25668069226647,2.57607946617026,2.18164103518721,2.36303984058106,2.31423130837591,2.42204753785161,2.70729595584112,2.43285734635028,2.58712492187178,2.52119977417805,2.39993695473285,2.54906264316371,2.64795799453291,2.46913344322363
"1559343_at",1.88190302601968,2.10891146530869,2.1882445555874,2.01033013468372,1.78292306236625,2.66523152767086,1.88324347677654,2.32876352358385,2.55191807054654,2.16108180484731,2.1336628144626,2.02787981777408,1.92686781142774,1.77882716224875,1.87651105299024,2.11852352334593,1.79944005992146,2.06074918614406,1.78539528889315,1.69117366945048,1.7039897035732,1.85578523460077,1.899229392109,1.84566065522672,1.85391622692314,1.82311875662586,2.38228183708907
"1560201_at",2.14856907439637,2.33129934769745,1.91586465908954,2.0248324044537,1.81124988254627,1.90970821500123,2.14272383716128,1.83760018270482,2.0487746540937,1.99973019079941,2.124863421139,1.6956437835206,1.90781477851413,2.11525535825527,2.04658290640999,2.05707278258592,1.87642461112762,1.60318597764226,1.74222788150444,1.77710868060119,1.81110435032392,1.87781334062853,1.74354555794464,1.67206049201269,1.68733665577776,1.82830376998334,1.75468743457946
"1560698_a_at",1.85993934271939,1.95368988209088,2.01820543205002,1.88809287906261,2.02657558331508,2.0686426099143,1.74566717184685,1.78764935398524,2.08293314327318,2.09901471850459,1.9987547776184,2.158424284309,2.04773799313633,2.02366024382843,2.21233120448291,2.54593724212992,2.21269539407535,2.41077742945198,2.67111353397925,2.56168832293111,2.92953026667004,2.01416780185976,2.84189202793116,2.44894296308131,2.73988611332542,2.69214126438086,2.25407153077235
"1561269_at",2.11222204614553,2.13129643800307,2.16275239542673,2.08617164560928,2.25026551745118,2.12911614930862,2.00950555184366,2.22790677296985,2.12123659724302,2.02510075021385,2.14038995904701,2.25597077876263,2.17452850231086,2.1502805335718,2.10037421270797,2.03820262034564,2.0605008791011,2.05088369550181,2.07999277903926,2.1241448084345,2.00118252516445,1.97739679996379,1.97793965676318,2.02831948777693,2.01951369361342,2.0093073954691,2.16937763529979
"1562406_at",1.78091896844949,1.93534395037975,1.74560995332807,1.77125048394581,1.9970217301268,1.86890797213664,2.12657480512198,1.83817365114648,1.89271469733831,1.73509537104197,1.77478705960117,1.86500739256558,1.93767809449535,1.80371970086973,1.80393250301606,1.71171338682064,1.95007791913049,2.05887441451907,2.22719179851852,1.90693099050414,2.07722932403314,2.33892495667118,2.35492827857087,2.18353764704837,2.51452805183677,2.37858209163661,1.85894061533859
"1562468_at",2.84545090946969,2.82001839301241,2.32018773244466,2.15968439981658,2.16363397860339,2.23688687563808,2.37240945341211,2.16295665372451,2.39535926208539,2.66944363506945,2.59549864782099,2.71546576879182,2.30721749739355,2.18436250506172,2.39795351990229,2.20898382846518,2.35532473561261,2.25654362856916,2.10074659624198,2.13318998113105,1.98763956990621,1.83868679485191,2.06220358667375,2.13551681133519,2.20755618351898,2.33954504548182,1.91147415470149
"1565913_at",2.1589628995194,2.31806516130098,2.57718395698115,2.98030887439638,2.89219224090227,2.42506661913319,2.34166644092224,2.22398654270856,2.10021507100814,2.87555656561303,2.85693730044138,2.43388644168185,2.78182969323999,2.84577264095212,2.9983276689102,2.86372876879244,2.75503411527615,2.71500596100175,3.07416630151823,3.11841272126229,2.82089558679538,2.86212561989546,2.75860422248619,3.01164126067515,2.93323269624094,2.87330393357825,2.79681679948938
"1569403_at",1.69589139593783,1.70798632647164,1.68314576739206,1.74758676353883,1.68899672206289,1.7542033956764,1.79071616361949,1.80805136953427,1.7479476108513,1.73795148355754,1.7951663924064,1.7953231012012,1.6586122963129,1.83949648059816,1.8437873187206,1.9036568761982,1.84513593248909,1.71728664399988,1.81451761126116,1.90686366504974,1.94699168181343,1.9705418954797,1.85782696677286,1.77703922521687,1.82175592346039,1.92965164406596,1.85843741153334
"201325_s_at",2.90133650682147,2.91093121065567,3.02372694599093,2.82673781746914,3.05117839516124,2.95305007606689,2.88680588844202,3.02429503117136,2.82559413717824,2.90396588705119,2.88100615382286,3.0892149059998,2.68454116594372,2.89341327699275,2.81197116031712,2.61582305731615,2.63628958640607,2.66516147557003,2.70399789563126,2.61528186233302,2.88819460393269,2.53470409628333,2.62264248580585,2.70359620860468,2.55300777412286,2.73780744958996,2.83631500376374
"201510_at",2.51264939140926,2.58065829789637,2.45411797360912,2.4201853976082,2.59192088300741,2.57577992047798,2.58059535177652,2.50061341981933,2.52107536806944,2.46699169540594,2.5095101415777,2.43988692053374,2.65685328187537,2.45327708804989,2.31366321504693,2.51664984363142,2.45206638466976,2.43804182209808,2.42440993460562,2.41137797429536,2.43436588346632,2.39263120917327,2.42705687873793,2.38492510785892,2.37048878066454,2.37131323506935,2.65451573926181
"201851_at",2.98149759705071,3.00943621812458,3.00426029370399,2.99327346686845,2.99361005940868,2.97325455239257,3.07607897198438,2.97506242378125,3.06240549002515,2.91881439943238,2.94355155927256,2.94860869633104,2.97048207571647,2.94782023550429,2.94853992411072,2.92890579751577,2.90431529993271,2.89363480194616,2.87739069727474,2.93612794744798,2.83380333062789,2.88395955571652,2.93187552961358,2.88778239846973,2.92667523879788,2.90144734271651,3.00202160205637
"202862_at",3.16200970181402,3.25995788685743,3.22005655993776,3.271557897158,3.31035655444392,3.35579253321146,3.33912526737082,3.45563772391301,3.42622690862416,2.89466005235952,3.02989543285562,2.95064794665672,3.04388760077418,2.9717495400029,3.00498957875346,2.89467440806682,2.98988069626292,2.98544414224122,2.96264970268158,2.61730059891742,2.94210345463856,2.9360125806757,2.98587107516514,2.93819807938226,3.10772150949099,2.95821591775003,2.94752571392979
"203190_at",3.15816605250305,3.15480919974996,3.25142491943837,3.11710920284905,3.08867216134878,3.07439582573898,3.15650971712542,3.14970859293678,3.1517771677463,3.04554169832995,2.98266051889988,3.13248521135218,3.12200886013623,3.09859152953919,2.93348539411672,2.91146360845873,3.06077736871359,3.06365842055857,3.0075751458147,3.08101198393281,2.9693337918537,3.03474218886601,3.03514756579869,3.04154000803042,2.95018973992851,2.96508848397537,3.0708296261832
"203708_at",3.26378636490312,3.31121565222275,3.40570923702091,3.16344527428872,3.52443408381629,3.44935337383576,3.32194165615701,3.56344407790741,3.56182185930565,3.25589572069909,3.3337440108209,3.43415140902267,3.28286884289552,3.32415908383833,3.36035317884663,2.94279466593279,2.95529364426782,3.06759965482767,3.00102431043759,3.11956484637464,2.85875049255411,3.069035823076,2.92981693570335,3.11677627865935,3.18957267791244,3.00385459629581,3.30883963582361
"203739_at",2.32885886258536,2.64535281525709,2.89571113317527,2.85591516942421,3.00584009530745,3.04547407504278,2.99975652466804,2.72131403170925,2.94969684193795,3.13371755184564,3.03277670562454,2.99781681371971,3.09560243528241,2.99545702148114,3.12578531498455,3.06845430418706,3.15786364599781,3.04973077717522,3.12942563060565,3.25492278404547,3.25827920938278,3.19076481053191,3.20073566077631,3.15204530969101,3.04459975432301,3.16997581547276,3.02434734122451
"203984_s_at",3.01320639324255,3.09895881685168,3.06032845694054,3.0101910059504,3.09136184006093,3.04154561500901,3.02413560680259,3.09877358505264,3.20513394961028,2.99500522934554,3.06075212545617,3.00417092778714,2.94783818535156,3.01330610083338,3.03845461909663,2.99327401040733,2.98915081779567,2.99554276820981,2.93687704147448,2.93328652573166,2.90545719140242,2.87946385936093,3.02900083531332,2.92357688518118,2.99179319461087,2.97032910990328,3.06267246338864
"204071_s_at",2.70139247001378,2.89447050482969,2.96443171861588,2.72635605190446,2.91344552263567,2.24224609413097,2.49367653595855,2.76910693099249,2.69288377095546,2.95428882605725,2.7347369295749,2.92608616747882,2.91276998868636,3.11040767955436,3.15077297821498,2.77340351721395,3.04200233535789,2.98011014064636,3.16096099729146,2.93794827658039,3.07532023302477,2.93351711987054,3.01152712588599,2.9500680247193,3.04108734784179,3.1636315636017,2.95763475921311
"204257_at",2.93317697588066,2.92772411626218,2.97078777466992,2.934838217844,2.9398804387459,2.91799669236645,2.80835745279963,3.00108936437898,2.99446024891407,2.80644181939828,2.78372672841259,2.82791940018883,2.88469813451092,2.86178230973925,2.74262132769033,2.75554778477347,2.85506958623792,2.81613436490405,2.77305763526045,2.73052997000079,2.76928808034674,2.79599131262834,2.82528822908176,2.86859293968848,2.73166159817439,2.71365534843933,2.82825867481325
"204298_s_at",2.27443671254645,2.43925211112687,2.53910594234687,2.31914302672619,2.59145323019226,2.02435904423101,2.10146250010011,1.97656196975284,1.95682576078036,1.99236746532687,2.21454293975978,2.20814857945974,2.25828825596743,1.78700025995916,1.8431843132285,2.50432521349612,2.2830164712107,1.77269604826955,2.23191865235965,1.81261281492257,1.77508004845764,1.72770180164432,1.93333544271989,1.90491525236736,1.8650945212062,1.84751151832896,1.86963810885613
"204310_s_at",2.5484553672791,2.68359765157425,2.52921276298915,2.42188197396439,2.33372626721227,2.82131265390568,2.40242313039176,2.59801354128485,2.35589413475347,2.66555945363599,2.63040360753404,2.68496434592529,2.81361272589651,2.58632496353679,2.73970900982583,2.46407250959213,2.75832919061227,2.84481466141932,2.87383898162806,2.81948507630235,3.0134379615802,2.96564744143309,2.75787985909763,2.7105635722188,2.75680213014599,2.7888347744405,2.88459987453653
"204639_at",3.47280681873385,3.4735875695904,3.33799460878325,3.28770661799103,3.31027147461821,3.24271468577773,3.32975551621146,3.24029158189924,3.27288914353521,3.38021175277197,3.35537012665831,3.32765790645664,3.29990796327892,3.27318658346029,3.26199844944404,3.25379160044504,3.20106309966717,3.19268623924809,3.16493620253167,3.11304633801621,3.13277620704601,3.07823340066246,3.20032967143527,3.17370071886598,3.27928853279155,3.21905495943283,3.25098627492802
"205204_at",2.86241786526235,2.84731006031751,2.94498884455694,2.95073751793164,2.80678412021539,2.83048087977508,2.8522010400306,2.88655639021027,2.87685028725003,2.78721993135749,2.81226306227928,2.83017620908142,2.86028984660325,2.71655747224044,2.75347275384601,2.79240644407152,2.83100426820319,2.78074179296548,2.72277944870921,2.83887615202277,2.70971698396017,2.82266693306663,2.74241157494035,2.8086124039508,2.71336963212701,2.73883656580321,2.79924027338668
"205656_at",2.75952232128985,2.33050419039152,2.63240991842404,2.50156958691929,3.04760486846175,2.85582549173284,2.33491575056545,2.81317823671649,2.2407963684704,2.73407832675137,2.64570857464587,2.53130709351904,2.57537090872636,2.6216353257857,2.83041901776286,2.90045144518586,2.85055121983185,2.8357892951869,2.82414136146232,3.08148944587076,2.94934835106937,3.04005409173636,2.8972541746835,2.95181977107451,2.99106047269649,2.84495020637655,2.78375249699495
"206049_at",3.06288776749214,2.89167775995368,3.02570638299135,2.89943223719174,3.05372287476357,2.55040376021103,2.33492604484155,3.21748076169111,2.95737325434691,2.89099273160944,2.97245647376509,2.7625301776958,2.81581251139295,2.83763691411717,3.02309829761283,3.06642764576953,3.13802722535141,3.29728959867581,3.26978811891861,3.05661994208454,3.17790551727974,3.14394452872528,3.22671459236425,3.19579829136795,3.12303773577459,3.14848512392451,2.93494217063528
"206287_s_at",2.71449787104674,2.72397023326164,2.65510059460212,2.77924774164569,2.90239219155259,2.85056242090049,3.08251151154072,2.6744163576115,2.62544701581205,2.73866819554455,2.80285680744174,2.56203649343227,2.60356273148775,2.72215690487364,2.68758569795199,2.57254677544197,2.60029283073521,2.58053987973916,2.53558369932166,2.49409861790661,2.57512350924887,2.69184120742647,2.48816740406016,2.42679395895459,2.62233769374224,2.55400674493895,2.76629768783838
"206674_at",3.44267947508183,3.50196771802404,3.3875839466513,3.34921961353,3.2653107147274,3.4126241072071,3.39266980952755,3.36148035302535,3.42984958824024,3.44988539988245,3.4212083503356,3.42494170013288,3.30543696067704,3.37519001999145,3.401661728279,3.31724718730972,3.22321926080847,3.42752920911626,3.29869452910138,3.23237111436167,3.25047731047553,3.32730120477334,3.26116355071158,3.21239642296654,3.2999803267376,3.35052058460927,3.28822639523284
"206726_at",3.19402904048505,3.2049163325375,2.85706394565162,2.6903815585322,2.73305058336649,2.80696204331784,2.97490150181711,2.61201484737041,2.47499613890573,2.53077418426327,2.50318740892459,2.61244073284026,2.52797186332306,2.47862888160246,2.67437974628037,2.6250614354337,2.47632024533801,2.58837092594755,2.38834799066018,1.81060268608822,1.92468976837741,2.23751354738876,2.32362658942854,2.35235684180685,2.52227876694978,2.4712824227602,2.56422230517869
"208891_at",3.34614847012157,3.36657232965298,3.18368325384061,3.19027887698705,3.23056364204994,3.24048499998479,3.17952012680116,3.13605387081124,2.97586346364309,3.48406219109947,3.44636317065924,3.37600804096491,3.37114007179485,3.23724583763647,3.38866374348525,3.42190633862301,3.47721711992773,3.58859999485432,3.41391735284716,3.50491474842664,3.47817622728861,3.43191427714744,3.49498387166851,3.36473658204323,3.40828754848619,3.50294144074676,3.4727990220856
"208893_s_at",3.03014199899532,3.08555178730172,2.93116015080166,3.03812604615201,3.12769451868473,3.079150573213,2.92768202411592,2.90495435428581,2.86824938703315,3.2292845865231,3.26374866360189,3.08404980373976,3.16603699387676,2.97365425268195,3.31215529056314,3.24870226041239,3.27293242761782,3.32455774967758,3.18733005894149,3.29328586833615,3.16119292596304,3.19643786999994,3.24795074823977,3.18728333691907,3.31534783879738,3.44059413673657,3.24738966760622
"208928_at",2.57712762834153,2.5521527546666,2.60687355078674,2.56481932432566,2.52539289098903,2.4263238033372,2.58433479184179,2.50549133930888,2.57881725599674,2.45732479552146,2.46870529582101,2.35152204514569,2.52526157833496,2.59576572788928,2.63877705202526,2.55348264798316,2.53413782013888,2.4878423485631,2.62358948385543,2.78347174128832,2.73678971892091,2.68985756555812,2.58780901341997,2.68894638406224,2.66279658722831,2.71356011595556,2.49080294518347
"209189_at",3.43953763705942,3.44087368458856,3.35684596694355,3.40032096253817,3.46497310866514,3.3839486487689,3.30196407358979,3.41957543033669,3.37915930340959,3.51342442051746,3.4794745257683,3.48004055607537,3.43109806553324,3.11985431057378,3.67077554001982,3.54913425182933,3.48032523309553,3.63455737486176,3.56960665361935,3.53484998719322,3.51397438424285,3.55422573796512,3.53291872568542,3.55763322314366,3.6525319261898,3.61636793134302,3.61209755685109
"209875_s_at",2.6921941697378,2.82953136078684,2.80082495546544,2.85237145190509,2.55243732559604,2.49517963958723,2.64540077756892,2.78360563086189,2.87069179202716,2.47904141500667,2.50818167445601,3.04639082590197,2.44871360000934,2.3593243747517,2.52627793719733,2.16788551335005,2.32156044935091,2.38342948041052,2.42314623899776,2.12013824109678,2.12172198264661,2.16878097169619,2.5254871079717,2.63279912265361,2.36528939960897,2.18860443216906,2.60116640098571
"209950_s_at",3.00806050018325,2.95533493848762,3.03285973393307,2.90984182969358,2.83240052848183,2.85572504610018,2.94269878319962,3.09724131152098,3.12113528891259,2.91187312954579,2.8483619423648,2.84873569781828,2.90757715505979,2.77705269561337,2.7952474508048,2.69561327437386,2.76617533045314,2.84266049893544,2.78835934485183,2.81251958322305,2.78250229512139,2.89854910179766,2.82407393017973,2.68420181427346,2.87528230638733,2.78438734815148,2.92920452334081
"210323_at",2.53297543610901,2.36385062410327,2.66994834415707,2.513379065047,2.34411464076278,2.26635809033514,2.47902252489976,2.32876352358385,2.44722502500217,2.53825207938246,2.29838558523695,2.52512499046966,2.40400360909178,2.33676668116461,2.24956457467616,2.30413425645775,2.28104032017052,2.4342292214204,2.24696377505854,2.20262741040585,2.36604882823695,2.22901719167694,2.37710236542565,2.23709651050176,2.26453402900736,2.25461369402623,2.30095600005256
"210586_x_at",2.57494773785496,2.53847484257835,2.44689405127129,2.68641603600541,2.23594053840452,2.63309566627047,2.416230114999,2.48397361075143,2.6467668032309,2.38660211297483,2.57310811713036,2.47085751512006,2.52097407598139,2.35031986955479,2.4102539866512,2.42313870728061,2.58493148244433,2.69144192775216,2.67857630934796,2.75449011853887,2.62122387043185,2.84211959433494,2.67817536968747,2.62947949166108,2.62893196806602,2.70624695856355,2.59094687418352
"210608_s_at",2.59360666867281,2.54432463820375,2.52137090929466,2.41369264154156,2.35563398669178,2.37901814223832,2.61747951372188,2.49851665641255,2.48839880717227,2.44351409325487,2.53006724538384,2.43332938439341,2.57046584555853,2.54844451633964,2.3989700597465,2.50297210952807,2.52374109002392,2.35831410927601,2.41327453122854,2.3758129256639,2.36283286639653,2.37210043369622,2.35668049438405,2.42222250342348,2.40584100486072,2.3947363734093,2.5370072506489
"211138_s_at",2.13073454454092,2.02534849148142,2.28417237066584,2.15076729274641,2.18428823001384,1.87960030455653,2.2189934499319,2.08131951412473,1.97921467654652,2.28163386515082,2.03779651998998,2.2807485032829,1.93818716200242,2.17462916572029,2.36248812396363,2.47100870603234,2.02811258013045,2.32811464900776,2.31912568082832,2.58463400975554,2.67972059431645,2.57414923373542,2.4131407320014,2.30766574887223,2.32810516793318,2.17444988409685,1.96264007918483
"212086_x_at",2.98807567278071,2.87883949719661,3.17060531217593,3.2225956209272,3.14376792218876,2.99519269411694,3.08884072059678,3.06315775866032,3.18485138703091,2.89001527890355,2.96631694474248,2.97743655045905,3.01781094088897,2.99303265900424,3.05869383309416,2.82270445448956,2.8048079672116,2.81559284766061,2.91422332595448,2.88474618764813,2.98728830031425,2.72485258406781,2.86740981820015,2.94346322862221,2.87198948735779,2.75774292058194,3.08148671893958
"213109_at",2.41886349823514,2.27701498986986,2.18923344666884,2.39397186329379,2.75746345742682,2.19657273876561,2.34470580590309,2.18311233390682,2.19460810637268,2.60364936858349,2.3452407989428,2.38133293833415,2.51501626462907,2.55691787478547,2.70020975642022,2.47012892232898,2.55519698827202,2.34710150610502,2.63229799986387,2.5657704350741,2.75433896004509,2.75755818230138,2.6696109840635,2.37922447139232,2.55767083743978,2.68255307250898,2.35464905780736
"213233_s_at",3.26110817457629,3.19329691611146,3.17704489694622,3.1142748961031,3.3090728430307,3.38854444883878,3.07986225653233,3.17997658666466,3.22025332902008,3.23610162183387,3.21139603017179,3.13479428887963,3.23847887856918,3.16368968352026,3.27718955860589,3.26776454372655,3.28916961017878,3.30110940026533,3.29417136670191,3.36275601476329,3.28873948970959,3.34074782783681,3.40649721459569,3.31984145947419,3.2531245999502,3.34228819773781,3.16291106861442
"213506_at",3.0098518122476,3.02635974889947,3.11856488506093,3.00519659472772,3.27718777284341,3.19946960740313,3.27456627260785,3.28320261550402,3.35442761706447,3.31694610011531,3.33830888045087,3.29672184051668,3.31560434038165,3.20972285148864,3.34008238274744,3.36699398647811,3.41642119157552,3.40567588478097,3.35582212663213,3.4243379068202,3.43715688102793,3.39327766324377,3.46483513430639,3.35078391887978,3.29015778145442,3.42503008480275,3.28413830843347
"213981_at",2.9976790017192,2.97832671124546,2.87672615287225,2.88514324845452,2.71036960628339,3.09018814725426,2.73714656890768,2.90721776174455,2.93320833065326,2.80764528673726,2.81837203675996,2.86669259607627,2.90109877952203,2.8100327565968,2.71413405486355,2.70937137144361,2.78490428049871,2.7531171379287,2.75913409731538,2.68928663475713,2.62441654470304,2.76060440749637,2.83531170817957,2.78007215023944,2.74058502795661,2.7265478805177,2.80115141155235
"214176_s_at",3.16633319260434,3.22987858574278,3.06445194415741,3.21877047537519,3.24367486879431,3.16929328332713,3.15986116725582,3.17712592590226,3.21579288955635,3.10455321557224,3.08461401738616,3.00274517960248,3.07512389524667,3.12511958023283,2.89522932125545,2.9587948010958,2.97278619642076,2.94007558055399,2.8152926001247,2.9287746947461,3.10439470195926,2.86212561989546,3.02050629061299,3.01635136562122,2.92855167899626,2.79322857279981,3.00821507619552
"214309_s_at",2.58303473455137,2.41152088558639,2.34295177330941,2.43918933305998,2.40525367406103,2.3543054574969,2.53650106104912,2.40176424550123,2.40561339830497,2.26564482359032,2.30850184069298,2.294080179149,2.36187024265033,2.35299886004849,2.25049231825033,2.38821764669965,2.3175159414009,2.32927460482429,2.29658926293811,2.19062465722908,2.13336788723766,2.3495136161612,2.20956565752137,2.31837411410654,2.24453943122476,2.25466145993951,2.30301412648482
"214430_at",3.20519667855925,3.20054421502058,3.31161238879467,3.28131352957921,3.28014598038042,3.37142992033665,3.33345779695597,3.23036504610123,3.27865031570961,3.26157895442076,3.16317183465491,3.37266951925127,3.23986801717251,3.17338763893085,3.16678388299652,3.20628594395183,3.19171155516839,3.24061672926591,3.14130640243015,3.16061626110525,3.15366365322711,3.1176194155443,3.13488298157186,3.17544970994031,3.19792167674493,3.15518868727865,3.20269871020204
"214844_s_at",2.25556266951173,2.03619067197798,2.18535215661895,2.34097493756544,2.01759949196993,2.13799952883869,2.44827987730626,2.06805990031485,2.08740343493734,2.19010690421885,2.28237100475348,2.1754789323226,2.12876223371007,2.50472131397158,2.33990044289615,2.41253983674268,2.11843847063144,2.53291885032616,2.40676984442954,2.29927074448802,2.21808925208677,2.63336192212901,2.47961886713278,2.34805986350004,2.52319759819018,2.5225682870378,2.26648343047902
"215446_s_at",3.04509011738089,3.12479428842542,3.04363759909544,3.03156317153535,2.53001579088269,3.00872531051068,1.93603331721354,3.01358981878134,3.10369938469382,2.76102330893104,2.88134472446817,2.78829189089776,2.91368141574114,1.7800152299251,2.01405600984632,2.94208787370104,2.85168528662652,1.78234649415431,2.95638865716423,1.94895362925822,1.84031135263798,1.94350992639141,1.97040642317169,1.87488586543069,1.89254607086705,1.88124995619336,1.80208731199947
"215671_at",2.08656877226068,2.27139549512291,2.18560398263043,1.65153440364435,2.32367702346109,2.6276119739281,2.51553029983009,2.26936325238545,2.66437520310745,2.4021941651613,2.24241074354307,2.20344894649666,2.14589718455397,2.26301036071607,2.32368307542652,1.66112752006208,1.73906909626333,1.96179777457269,2.0923488585874,1.77568059499827,2.14712040649042,1.58965420229131,1.63577342590575,1.9008888285303,1.81587049539925,1.710421406557,2.30405099990881
"215675_at",2.42475954078587,2.43086330582649,2.39541410509653,2.48994568316469,2.50041073905807,2.49820209595074,2.55590276323566,2.46280410476495,2.46415513040223,2.36965101397217,2.42307280307822,2.41874829377703,2.31850311414256,2.18277491645237,2.22820885946523,2.22689720361183,2.31953296528338,2.24586404760419,2.35620072793028,2.19199021629571,2.34191375295787,2.38590642696812,2.33138964618347,2.35693510301839,2.28201864858426,2.24830894195828,2.37439128973983
"218079_s_at",3.12833943320274,3.094875511655,3.02619701070904,3.05538431003823,3.01665676889967,3.21151673691715,3.02004929350701,3.07630938945947,3.1093321398709,3.17002646742534,3.18253165369534,3.23006433332885,3.22288275126685,3.19377946928386,3.21699800470458,3.21402515023851,3.24528176788115,3.25444725676421,3.23280532600704,3.19633509688709,3.24146680359671,3.21862387290812,3.18423823503998,3.25186979146101,3.20750495810595,3.21772332022489,3.23643827712028
"218132_s_at",3.20956316224094,3.1787947798227,3.21637663620291,3.25376543454313,3.23998926649938,3.13074459203722,3.26472197276887,3.26213078541656,3.33405892356508,3.17186060065024,3.16681553047134,3.23010846024136,3.21336999136343,3.18454436755974,3.18703307117684,3.12877196507601,3.17273567739616,3.15461982356904,3.17664909760771,3.06885186698857,3.09176532508208,3.14609927993588,3.14221719839599,3.18673301185412,3.15335284244454,3.12322832271581,3.160396987327
"219661_at",2.65446784988653,2.66170491387403,2.58357492281916,2.71737373377129,2.68694374465448,2.88266378489748,2.4279670695573,2.8775289091902,2.72552151863598,2.80881233815373,2.79649704427323,2.77400623833251,2.64813798081976,2.6122597763698,2.65522152217589,2.63142957982518,2.7090773040333,2.68860582932124,2.52894582089526,2.41291833781754,2.46610293045121,2.41884353371872,2.59661509089841,2.60115023296805,2.58442259131234,2.58764222099919,2.66980098554017
"219738_s_at",2.01172605089528,2.01927776023859,2.22165532505434,2.40562374483655,2.45481469715165,2.69430411383204,2.57126347748581,2.69372267600512,2.5543894390246,2.4402349232676,2.36329445101159,2.27791781659586,2.47689697338533,2.60162616258564,2.47349340824241,2.60067557336251,2.65505318273047,2.48623322286277,2.67572900561295,2.80495578747836,2.8672945567506,2.58227297580923,2.82641669393928,2.71875155322716,2.56898912370203,2.53967597886865,2.6137940015434
"219937_at",2.0128385949067,1.82477844169189,1.88794047321019,1.78039535623108,1.93891656248843,1.9628169932136,1.94021562271178,1.81333628523993,1.84319356121564,1.71997982491231,1.77379804637849,1.81926188298329,2.04060105746376,1.87871671078375,2.01584435685273,2.05115246122184,2.30708427748929,2.52285398364186,2.60577853053074,2.04860413758267,2.02850691695071,2.26127866006085,2.8170167888657,2.51374035318843,2.64538740362306,2.60068556279852,1.88735876632758
"220014_at",2.17018947129081,1.82411121130861,2.43947447247316,1.70206970824947,1.92072890166359,2.36357088238267,1.69021682527998,1.94047612135372,2.89290311604578,2.72171453440998,2.54123901103678,2.17453713087832,2.39242761299182,2.79615187826749,2.56026642667341,2.58261669608635,2.84172882603044,2.78355031648806,2.9073246853234,2.79857688314895,2.93891580994321,2.84538647426762,2.71576402724909,2.84842864858749,2.80712737049519,2.84678593725127,2.44144124985717
"220518_at",2.06091274111319,2.06488388602165,1.9350406453182,1.75685164949618,1.8952708196405,2.01255830465385,2.0152734689662,1.91231300513716,1.77998498353069,2.02706980924547,2.52128923941446,1.946323629596,2.05062846097703,2.3245133949081,2.53177743765558,2.54350949369215,2.33801786409364,2.08667236730896,2.46518383380405,2.8247189819119,2.88149332581924,2.60582498271272,2.68884637402323,2.26687827069967,2.26615116531386,2.7402482438965,2.63135972971876
"222044_at",2.83660101220412,2.79641688672678,3.12645272511314,3.26933422524648,3.13495885876962,2.82248685744125,3.0473963457571,3.10118478906449,3.0353671927374,2.97404411092881,2.86107558777571,2.93391457688744,3.00160284515842,2.87138790564032,2.77546716621394,2.67876873883892,2.79321129813432,2.84827800432699,2.81447105767101,2.6198730970779,2.50739532305207,2.34569640886156,2.63861025776727,2.8418904181382,2.82795759796452,2.67651746577175,2.8780659252645
"222105_s_at",3.03267216424935,3.03075981884029,3.03807072052436,2.92449367433352,2.81771104436852,3.00140720350729,3.05864985298693,3.02669950973149,3.05699356309336,2.95601537884533,2.93310463064268,3.00301784483366,2.9629228351679,2.81148336120399,2.87610748230666,2.79233480570669,2.88961138049266,2.90398940232239,2.84334192299198,2.9094215543776,2.8390011665653,2.80862146439045,2.94200621181852,2.85429532945825,2.92332073400662,2.88343294091841,2.94960944699189
"222914_s_at",2.15582563909935,2.17123501479011,2.15700780405985,2.16155203539397,2.14804772151198,2.06372933792602,2.08271791532931,2.14505525050321,2.16274369608747,2.14891328532705,2.1613285498629,2.21622513317416,2.30028512162556,2.25124402314685,2.12651467498779,2.22434594989994,2.28435836588812,2.19315227641954,2.36921798647205,2.2238321306812,2.3457489153996,2.25730214594794,2.27886586073677,2.26874667420718,2.24570313799296,2.26291357506426,2.13428107818657
"223920_s_at",2.37713680136437,2.13590944904053,2.18388345903223,2.22920581942777,2.31269421302138,2.15592114143599,2.22289758529704,2.26566702476048,2.3250441225799,2.04071782418074,2.21993981720803,2.29602710437938,2.19763173633618,2.02934474586581,2.0848310031339,2.29197685422008,2.12291254072919,2.26360235519845,2.14218206528098,2.02389049515689,2.1208037901702,2.06648051685851,2.16148044639516,2.061335892444,2.01822715709736,2.12300262926538,2.10632486630642
"224263_x_at",2.63915852139821,2.5400699342984,2.31213277662165,2.46155894270863,2.41366854391403,2.41454717015556,2.63486877133633,2.25229363277969,2.36849626438961,2.35589441657858,2.34077844345877,2.45845471457377,2.35678104763153,2.32671853649773,2.2864745934438,2.26681651846222,2.30582580660015,2.42472810388118,2.27585036026731,2.17428815999115,2.21284820181306,2.36259893299699,2.19012745351404,2.32393521808879,2.27943147611751,2.25909468180987,2.24316270850527
"224706_at",3.08037182452379,3.02369891726641,3.07392766038344,2.94228740961293,2.92631867442129,3.01839506999261,3.0691742044856,3.12450134727663,3.08110967108145,2.99177542066728,2.98871267705639,2.93841076357579,2.96246221800579,2.7665457636838,2.91617871148202,2.84403327258598,2.98557948491259,2.87655937959255,2.88220459907098,2.91324061664077,2.82395902490252,2.90748928599054,2.99419537671577,2.84344062135932,2.93650621787659,2.93883189868871,2.93524153546525
"225096_at",3.1592258335358,3.10390462539586,3.24752638846326,3.21865533325531,3.25613870137489,3.11203116760569,3.1571894279244,3.21682577401303,3.24542249180427,3.09087781382321,3.13076682805075,3.23385355653207,3.14997679452797,3.17019540127107,3.03933038944899,3.09969900142892,3.12752069890111,3.1078697847019,3.08296396046947,3.12559622266707,3.01629965638996,2.98520147729207,3.05985501150606,3.15112543351526,3.07402754155545,3.09018374262636,3.14898647649605
"225121_at",2.9381570446642,2.90562508571602,2.91653244030603,2.9458528131747,2.92638889364049,2.86029680018391,2.88200694961485,2.87506010835644,2.88827547203552,3.00731087650603,2.97329368235651,3.05731509442389,3.00167471788575,2.90860369218427,3.03955376709324,3.01835055628254,3.01606052166928,3.02943857361576,3.0459899937581,3.07869675582025,3.13584543931389,3.00058363241275,3.07484346418774,2.99898994030925,3.00645637949371,3.06893318878714,2.92997615063358
"225445_at",2.87736163967623,2.87272397569399,2.90263375732518,2.8579595037862,2.84673880897709,2.81290068624272,3.05186138646886,2.65576671552439,2.8173060343667,3.0316191001336,3.1022082897236,2.89542768826447,2.92539525843702,2.92911455219207,3.08174711761158,3.00139819542589,2.90781266391489,2.9537032898366,3.06796614258255,3.08775236957744,3.0050639785387,3.03706693848018,3.03008830909832,2.93479312528409,3.09556699232273,3.1066851658871,2.92519109309958
"225673_at",3.3974527852203,3.37816616741128,3.59015490271171,3.50949493994446,3.54443456706355,3.47524860397716,3.54351580386299,3.60663445621549,3.6053430871084,3.52080427639255,3.53113426278811,3.5455620598419,3.46165715999832,3.54913326584774,3.51615638296126,3.35096717795405,3.27224047303769,3.25918524466834,3.42154055624276,3.33060816211286,3.48289770549569,3.35143794524243,3.35273621223923,3.41451090966537,3.38213959740602,3.3526852304296,3.48462114044661
"225703_at",3.20881141849409,3.26244232854817,3.14214807522057,2.97712804322761,3.03371019040652,3.15567573624253,3.06336367064407,3.00014642611565,3.05826973280882,3.11321440772522,3.10295352610019,3.14618825811961,3.13952417627029,3.11564489322995,3.09616754846459,2.93783324356444,3.07270179688882,3.05998199385169,2.99928605000057,2.92737350049376,2.93194339937055,2.88336177257961,3.02340174381608,2.93286055675733,3.04880673265725,2.98988959494122,3.1798333117115
"225838_at",3.0410968125747,3.15982549264955,3.00128721124783,2.73285983452058,3.04636899695326,2.98571099012391,2.4694643039583,2.97648828506537,2.82284596672772,3.09657660695125,3.04811165365118,3.1165735264423,3.20341496009656,3.10222424991128,3.12087643122878,3.21090827207617,3.32107059070434,3.2021970295612,3.22991349212224,3.29995483880793,3.26979260627761,3.26054330687606,3.27683325521597,3.27717854636869,3.11154601556505,3.16943552419908,3.16004985672197
"225912_at",3.38977122496525,3.43313211959385,3.33524184325858,3.37296755527589,3.21102870804265,3.27123412080792,3.37143661167876,3.30959123735986,3.23914382131396,3.36039054543505,3.29473086734735,3.25663314411092,3.28297986198291,3.35694876161434,3.29330102597836,3.20167416197909,3.23779543030557,3.22786581243878,3.22696484866249,3.27210622377733,3.22742641450194,3.18070977247786,3.20900379860543,3.17230028583738,3.18889619231146,3.19036406546237,3.21550139357907
"226109_at",3.15176401906892,3.2311918368118,3.16517682112522,3.20588260821111,3.40258275687808,3.27219686953096,3.32033780158681,3.38990129101585,3.2593770503875,3.23281269220344,3.24762588271927,3.30936131564165,3.45025357009644,3.26314771305719,3.3723442554829,3.37416311911362,3.35980169842289,3.4276307091153,3.42571884298928,3.48751914919282,3.4339004588056,3.30466523255407,3.52070648488103,3.43112441509298,3.40559147974957,3.50479503055441,3.36493922239496
"226584_s_at",2.74125210321981,2.69680955116943,2.63740320474726,2.66219501557573,2.59446948578484,2.6743343198187,2.70234969128297,2.8385064892074,2.87183300563779,2.75372539757229,2.76825081957373,2.72733411126937,2.86286554256548,2.75009943597738,2.88066848314166,2.73023757536068,2.8610908772795,2.79862872149759,2.95405445391341,2.97099147665834,2.75365138460207,2.9450208803772,2.90182632168928,2.80992454534479,2.85177482233345,2.90527541222756,2.59400409219168
"226956_at",2.86861684111332,2.65839316518193,2.77223321979502,2.70920724818729,2.63260953538285,2.37016483864263,2.53035895271422,2.81462281274011,2.83606106316183,2.78454690717974,2.8809285984075,2.83425916525675,2.89823854138486,2.84764360338737,2.94816479617083,3.00106503707114,2.97941774103056,2.87881615681395,2.97367335323211,2.88383114510814,3.01015680365381,2.84943868055471,2.88811041834504,2.98827203970198,2.93414167299588,2.95056900736066,2.93130389799289
"227443_at",2.32381505959635,2.17887427678616,2.15531985693413,2.10652889636594,1.95700784820837,1.89128502163504,2.14266600993498,2.21429518255112,2.19602815044113,2.31627639008508,2.24511288105235,2.26144716960248,2.218694386525,2.14594999285372,2.28543536347527,2.29346407093321,2.40547044520818,2.42661498512298,2.32624509801443,2.66544621162439,2.35409835506012,2.37291895453694,2.35024489482357,2.33684235960235,2.4159100658538,2.32625718039355,2.20079026523699
"227972_at",2.95544374867637,2.80835003836016,2.97860348123316,2.92528586739348,2.87924642217482,2.96851216025195,2.90746525084908,2.97385222495744,2.89459118177721,2.93831571832011,2.9396689113108,2.9984627110297,2.92191461080316,2.87429886985648,2.85798378101875,2.82267366252408,2.78921028855066,2.81970414825032,2.79320547048967,2.75022680956779,2.75824091345432,2.75740329110109,2.72353125812819,2.8880289563175,2.88023276335573,2.8637454175972,2.93853327802382
"227983_at",3.52903368229024,3.54892348294125,3.47721776766337,3.48530728462859,3.41093966087788,3.39501096030435,3.45807511007145,3.51001702431965,3.55910704322252,3.28294280716262,3.32059616125489,3.33343246429376,3.33531102661849,3.27849673881363,3.35636273385752,3.19152775146034,3.27077365652466,3.37919022390457,3.22931120021417,3.30287905598344,3.22292107219958,3.37632039286015,3.35713785651552,3.31375346340651,3.28568969344606,3.25866002152698,3.28420406262939
"228188_at",2.81658414295585,2.92903423636364,3.07988767948911,3.04726807623531,3.28685084496138,3.01993439909037,2.99064578205181,3.36793950410663,3.40537499911212,2.86747387032524,2.91547041988326,2.98953723798397,2.92659839229752,3.04947725541127,2.93940093202955,2.61183548955364,2.76453724473193,2.79407165804216,2.71586416500992,2.89768246157749,2.53408501613545,2.32768765156547,2.70465797832608,2.80527057765595,2.83797370967436,2.77724210974508,2.94859598866768
"228195_at",2.28052433120399,2.22538692259271,2.77642176720618,2.54724794629835,2.72977679767162,2.30136756761281,2.30488685288155,2.39259851482693,2.86516323030949,2.61020679719643,2.64985569664063,2.5356299793661,2.49932572168584,2.3514901018943,2.77073709111041,2.65253789180608,2.69136866981976,2.84104140455768,2.87466970415889,3.00539244187084,2.83016079127743,2.97359621484336,3.01560942816108,2.70411656455191,2.7918676113417,2.86469071484985,2.71455523791336
"228373_at",2.5847090450298,2.70434833931022,2.45692939059195,2.28487032123602,2.91985547017373,2.6254117122525,2.11571013837739,2.73100615292409,2.15215453240845,2.77184713429928,2.63813571530365,2.71418747893821,2.7151026360576,2.32811235057116,2.80651977214761,2.85322221122211,2.86038282313833,2.83079461117223,2.82869209887625,3.05446526991464,3.10199810277926,2.8135901529218,3.07754022502806,2.78926538634475,2.78911010535189,2.88875610526261,2.67826868431241
"228753_at",2.55045030609733,2.58039636609359,2.43621915144911,2.5079029492376,2.52505807022688,2.3726989077824,2.42035169531969,2.48618404331486,2.38401332439032,2.519740154593,2.51276239239143,2.61114003120006,2.65522220923541,2.42216328668237,2.64639494462299,2.53740665704558,2.5440822457679,2.7282795048421,2.7082534638062,2.59815269231843,2.82059623671514,2.87686855295795,2.6336616046551,2.79787314883143,2.64214309803452,2.64345010053486,2.48368629964908
"228863_at",1.98354345032983,2.06780768676653,2.26296377216002,2.31254465354023,2.86314831892551,2.29896324326486,2.32394386219877,2.73362961961351,1.97688012708376,2.71232042060886,2.66889042892325,2.29551909355746,2.24212747392815,1.98926001424512,2.8057456259519,2.8980593340574,2.87486934469314,2.93996880102343,2.97265019955102,3.11808923681077,3.13630033912328,2.66839147689582,2.73332960848685,2.89929804163578,2.93095339452961,2.88163408162586,2.62851255691449
"229269_x_at",3.12062034692479,3.07239242401755,3.16852185944761,3.10110106181196,3.08496872793838,3.06339697971214,3.1631908386138,3.16558735632109,3.19296439667417,3.02373581572704,3.0302002785298,3.08257759121469,3.14991844460739,3.10158351966218,2.96170573919284,2.97445699237023,3.06237008557797,2.97291097146048,2.99112652182019,3.02547021999268,2.99918230123629,2.90065373214553,3.05682644250047,3.06890688435175,3.01785921173936,3.00929933247255,3.12828762625827
"229649_at",2.1116666929773,2.12193180159617,1.94063660720115,1.95409615595154,2.19793614079248,2.04828606520422,2.40719800325977,2.0579035451421,2.01317101147318,2.02173448628138,1.98784472562729,1.96280515027415,2.11114385157073,2.19075959650406,2.08519144023164,2.26345152484423,2.17094927183348,2.44671861234221,2.44427639446336,2.15836385122068,2.30480918744531,2.10638517376142,2.27261955894973,2.43021835607149,2.47329519475589,2.46404191777543,2.09316970327562
"229682_at",2.60400749249265,2.45634015443373,2.55742136405193,2.54608447173979,2.58906521659179,2.44192031206896,2.46468055076762,2.42770056163732,2.65901048594068,2.48008128307055,2.54219835934673,2.49642502259292,2.47619320458255,2.48206194195919,2.38003868432475,2.33717015846476,2.47086480179249,2.52218835848779,2.37166897716149,2.41488240122528,2.42510852502004,2.49648919373785,2.43379245668666,2.4414526705967,2.40461733343686,2.36951338618136,2.52866257832227
"231174_s_at",2.02773299545427,1.94797280208789,2.05064622091175,1.86494719152186,1.8801048044482,1.93871787692059,1.95609941206989,1.88013968564314,2.30893659171277,2.07248966754027,2.05009033576564,2.1836418121821,1.82493848221204,1.67406421753923,1.82757760699554,1.90869456731418,1.67890482101743,2.07263749257966,1.80951981269338,1.6438201796571,1.67745411904399,1.873678173105,1.91433375036672,1.82680756442993,1.70858764698448,1.77699797134516,1.94252201202561
"231508_s_at",2.8095317484787,2.49071336601039,2.93118757735827,2.87517947031386,2.81598830024884,2.64153631860745,2.57736090646933,3.10519631698881,3.02370548100389,2.96605073160077,2.88352443790997,2.68749746310632,2.52106983866006,2.56086801874352,2.64061051727382,2.77431709926578,2.5256492169417,2.54941806326456,2.53783303243594,2.39692777172095,2.24027768899438,2.16897379159998,2.43594216613978,2.6913101501402,2.5615351012874,2.56758024907805,2.40661204102516
"231656_x_at",2.479294208113,2.48694909753486,2.30485969965175,2.44856111152094,2.55656969278824,2.3707429168089,2.52153096884991,2.23962808450534,2.43476538555617,2.36372982045543,2.29803125207329,2.34797201931784,2.51180552263117,2.47827759173889,2.24393225132776,2.36652896823204,2.38821461530464,2.39758339270267,2.22447159778549,2.31518101583607,2.25622325931983,2.26878050304587,2.33156019457163,2.29336224357307,2.18210779230275,2.22483026692046,2.06097324829517
"231747_at",2.55280961800433,2.84317647249732,2.83635439388595,3.00683819275472,3.03316606881328,2.23036227909151,2.67501872918707,2.6671073399756,3.11061580982257,2.70178013578146,2.74924462695265,2.76789289741766,2.7978393327336,2.96818569945706,3.05114758767783,2.94733999418087,3.07175958074889,2.78778766145553,2.95022838049314,3.09374557151996,2.91718597025644,3.06214554934444,3.14229530523273,3.07912308871127,3.03007806540415,3.08522203923438,2.68519069401343
"232520_s_at",3.16080001235691,3.18589983788967,3.2007235784756,3.22627838926375,3.1700945882916,3.24514985526468,3.2521401012191,3.1933555880572,3.21285255861918,3.13176627113112,3.15974235609406,3.0767124887608,3.11889307896213,3.01230013203685,3.10617944796379,2.92634144859659,3.0443175233339,3.04824595241407,3.03964745959519,3.03966570611615,3.05556582673372,3.024461530141,3.13270761696596,3.0102123148247,3.13512275303568,3.15674478899667,3.00344482682623
"234074_at",2.46066236815794,2.51235205795405,2.45569545101576,2.37508420634398,2.52653936408458,2.29645182747124,2.37597107670176,2.32531186005672,2.22541653904942,2.5724048899416,2.31437025119251,2.35116384447371,2.33043076033032,2.88074781543342,3.02176699411411,2.87904464095344,2.45109028312396,2.97537522527015,2.89654524703791,3.05595325203535,3.0039732961737,2.93702059696908,3.06138203747312,2.8203995629848,2.65007980567977,2.96829188566491,2.52285624287987
"235052_at",2.66932979037773,2.9372200814779,2.64998832742566,2.29308026788656,2.56068756746122,2.75709068452193,2.29979150029394,2.8299867209541,2.64173606389858,2.92873490686709,2.7848508999504,2.85267386843747,2.59641257753782,2.50027891754596,2.8750015052967,2.71811477127047,2.74350010371221,3.01627237456591,2.98495950042648,2.80701873494576,3.13664273219974,2.95817229256896,2.96870199337293,2.86142919054942,2.88460260949714,2.92291197696322,2.93655031469996
"235605_at",2.64601768898314,2.66541005417026,2.50710730974968,2.61604733831309,2.58507430525446,2.69638738362406,2.80815189394567,2.62592785311404,2.54778615554547,2.59062405428758,2.50713243390383,2.48471792909406,2.65922267178167,2.53789836904432,2.6570609819216,2.45894574206226,2.51164007963631,2.46176846484394,2.44139556599495,2.46477594239765,2.5118642073307,2.48571739790769,2.53856597435049,2.51689285573447,2.49798400810197,2.4159433175075,2.5804079441944
"235825_at",2.54225383932031,2.48839803589022,2.6366545470932,2.44558661107178,2.61307991493003,2.29460575213657,2.33142117765674,2.3273119847225,2.51723159268714,2.34917105557347,2.48838183887179,2.42534220860654,2.75011037253506,2.92019686321107,2.71471611672649,2.51209032346493,2.73329077385299,2.50487001424837,2.71927370194924,2.60591740862612,2.68162916930134,2.69222832279849,2.56895289744408,2.72036603131881,2.56139848326033,2.68625264247652,2.82301539611946
"236074_at",1.84972550161974,1.91177478607069,1.93757603346155,1.88113246621836,1.84082051472225,1.88452954519722,1.92963460261412,1.9010047206201,1.85673356948979,1.83605985092766,1.91059337371646,1.95749416909348,1.9198350717172,1.96203218827285,1.73462292045397,1.83597014277224,1.71410921089567,1.79792646462719,1.70281975435893,1.71422880978681,1.75095888239943,1.73428604239062,1.70301163613543,1.87466557337336,1.80135362408519,1.7602882351752,1.78088958065644
"236253_at",2.47971405210203,2.43859466800948,2.42130329335314,2.26510348935089,2.6942042516094,2.83065813524451,2.03353717917329,2.73178539761484,2.69006012124338,2.72356773527968,2.50741460647052,2.33560473307476,2.35622693186136,2.35300620220343,2.20294925010985,2.29282061314221,2.20487471403111,2.26859847658272,2.36772945815286,2.09352569709659,1.88960554016825,2.15288885263774,1.90490099820247,2.21949536521149,2.25456169389231,2.15529815808598,2.28208123664709
"236257_at",2.58662905279646,2.49742893562418,2.48553141876931,2.60064227474292,2.50140857116517,2.39222811032129,2.43074397171917,2.45944132400765,2.47409489607705,2.3713232728827,2.29137045672922,2.35102953163668,2.51033636272001,2.41041139222007,2.2010805128791,2.4154477073574,2.35446598375483,2.39168442170577,2.2951866889216,2.28691071090823,2.44048424259243,2.3108339264513,2.35870513668144,2.29379952064244,2.37663017691552,2.33429052155458,2.39233308623989
"238134_at",2.41000915972562,2.65366724326629,2.30778463746787,2.32234353123917,2.25798154510883,2.33392544100411,1.94263836067001,2.16396366888396,2.61946630363708,2.60611551191803,2.19689152658502,2.10041054704041,2.5518004681287,2.13017309126122,1.96942902589393,2.12822179245687,2.16447061385385,2.06078342011378,2.14181074582931,2.01369700247678,1.99106519059132,1.91474743185345,2.023964636068,2.04655496901632,2.15888633601267,2.11188331949298,2.23360096473988
"238909_at",2.2738777862075,2.43640066927819,2.46441708029457,2.51737699330484,2.23343039809201,2.37811954534828,2.42276368564524,2.13061627530855,2.18922933428565,2.51597327797361,2.61342792601626,2.49344674648429,2.36957703717697,2.19103480821989,2.28755946885505,2.30242726729863,2.01075012537322,2.42550039359595,2.17214152164226,1.97913197903529,2.10810187342488,2.04490640372423,2.08334546029627,2.13921963765352,2.24154917513239,2.1824879542102,2.31341362427213
"238964_at",1.92519888040058,1.97662978566675,2.01489905795139,1.87479106529338,2.79714063513055,2.22675635613123,2.05570273005001,1.85575773155775,1.93229971047177,2.01755744788466,1.84762817070402,1.66330727050273,1.88151270747576,2.7843990748751,2.77129972116623,2.56362333064577,1.94223485344222,2.79745796505426,2.67342051481132,2.68324931796821,2.68521155483482,2.51930965576287,2.97288469425636,2.8118386448619,2.28416407732681,2.49369779667985,2.702170579341
"239339_at",2.15826140004165,2.19956776037658,2.04746405350441,2.05043343554746,2.01019727329904,2.08524141826712,2.22988504425552,2.03434074818618,1.983331479305,2.07380721128241,2.14666532225264,2.00320391151975,2.15102847628784,2.32712023333403,2.18181688172058,2.11691331570105,2.42688196193118,2.12363607102485,2.27041681146566,2.40908023103531,2.29320831169417,2.12710067179093,2.3030807799943,2.21010048365599,2.20755618351898,2.20032606143121,2.27714625324249
"239710_at",1.76020220728007,1.67345918578105,2.01382525516697,1.61052101323137,2.81656837442162,1.84493795765197,2.20213244568338,1.83543218092136,1.76805852687354,2.52200350577624,1.58850813179717,1.59007643638279,1.75268951247772,2.50317646658607,2.83411350806433,2.53823618414966,2.03509001378875,3.11438968141677,2.88979456000119,3.09869477012958,3.04183697268911,2.75196966832889,3.14410838458648,3.01716901660953,2.31169550072995,2.68344337104929,2.67451330535261
"239809_at",2.94025716280474,3.01177846092316,2.69481201131435,2.58551038034263,3.01131135426433,2.70804329048227,3.02467321673831,3.03507487740483,3.13322385403998,2.94056482299841,2.89940168656315,2.74192598702862,2.80075435505593,2.3663266909653,2.78570558866241,2.46002693538362,2.84768348709011,2.66423660546703,2.69918958079877,2.12130059523853,2.26342358043769,2.10868736757629,2.26022111434491,2.29864482688929,2.58783781015927,2.75142151518392,2.53850215788258
"239847_at",2.13150223518472,2.12745961765138,2.34904845007808,2.18819358955371,2.0358702024938,2.2778937207823,2.11350648230383,2.02167337667869,1.92633841206066,2.79609932770343,2.46410676119834,2.42363625408634,2.39191643523617,2.36757347610177,2.51884756318698,2.31982628917098,2.49095308691028,2.53967424205113,2.49707452778382,2.80800790291681,2.88545781176915,2.53802009095555,2.51427832797135,2.66311914506409,2.41660548757716,2.56797760733571,2.28620162032047
"241470_x_at",1.8675956405972,1.74102898781811,1.95427300387825,1.76549146486252,1.94798476741214,1.84315295004808,2.23368593376396,2.04523256239172,1.8355958945291,1.93669672909975,1.93848905357817,2.21201363083587,2.33246333492864,2.15165882533547,1.91851942950642,2.13458304691835,2.59178998421646,2.74051141712938,2.69512437194335,2.75538968635812,2.59557980338384,2.55422487827062,2.76337056650238,2.53781812633128,2.30558565372651,2.5339226068042,2.44652674293616
"241471_at",2.52244324559341,2.48839983554771,2.42056917409521,2.32778219957761,2.18850410621026,2.43684517156169,2.30494232563347,2.70340218959093,2.42314085920381,2.7420167776527,2.72361141927742,2.49449343958339,2.85484604779997,2.71522149355435,2.86558115669581,2.79468264928365,2.79546005158045,2.8522477904265,2.859834810905,2.90815326666957,2.83549221140131,2.8123811620543,2.70277477145085,2.81157254994226,2.83234583834424,2.87662518760636,2.7705195468235
"241845_at",1.9984948448594,2.26656798394669,2.65348955058206,2.54919377921937,1.94864345495606,2.11859196056148,1.8445732594573,1.85027216514154,2.13062714725825,2.87109017576915,2.48691950170256,2.72283867255835,2.65271409580779,2.56088195509877,2.52863232582867,2.64628871461974,2.57838229294085,2.77680410444712,2.72928062846734,2.73595925201221,2.82937122004638,2.57966144901089,3.07954741836572,2.69199280650032,2.69083341669074,2.83124146427698,2.8145372986711
"242828_at",1.98173869414275,2.00787613497694,2.10554935586603,1.85508952553999,2.75656219336364,2.06752410892424,1.91571668862217,1.88304010264217,1.99684715414104,2.56546484150684,1.88999445413592,1.88628167767064,1.91601337896925,2.96803101493718,3.14353007312509,3.00501725448405,2.36825654150885,3.24958247403367,3.09904115317046,3.04378806015994,3.18347508083754,2.95789881616848,3.31006900808786,3.09236560483274,2.78937703640678,2.94616545990537,2.88991270915155
"243247_at",2.09062481629339,1.92316287507349,2.19657336822853,2.08883359877351,2.36658631693012,2.14429310812042,2.34289461486018,2.07075854187352,2.21241930321566,1.97367555712547,2.09619167348234,2.05636780158557,2.35347969228429,1.74481252984621,1.75704202703072,1.8825276291417,1.810146925069,1.74403921499044,1.81649444432005,1.83060905753501,1.96167851633562,1.94916137137824,2.06424584248789,2.05688590775167,1.84564981743713,1.96512044607183,2.12782144506852
"243332_at",2.81251609205119,2.82821296881067,2.64839319141863,2.64747822829784,2.56917291539828,2.80340333209128,2.66947901127159,2.47641772208768,2.4726445098148,2.96861353056037,3.06255918706396,2.7809590608303,2.84957138992205,2.96464666939943,3.09920395982906,3.10330476391374,3.04737261239252,2.85453870068287,2.965549371702,2.99169144489092,2.96324364428083,2.82144511842313,3.02777987408376,3.03789805579616,2.95307019655973,2.95242750624411,2.88899061640922
"244584_at",2.03185566999991,2.08399144768228,1.99999386853305,1.9812392862184,2.03433299998659,2.07971295160424,2.10199054152721,2.01481124111065,2.07715513544524,1.88096639740095,1.93989040327346,1.97753125114313,1.91137559226273,1.97519103835117,1.8718298521793,1.78431175037743,1.990516359648,1.86290203295235,1.86097630134107,1.88542442562056,1.93299468915811,1.9199536456262,1.97742537646736,1.87783885623606,1.94809805915792,1.86398838900338,1.91741609666934
