"","GSM812988","GSM812989","GSM812990","GSM812991","GSM812992","GSM812993","GSM812994","GSM812995","GSM812996","GSM812997","GSM812998","GSM812999","GSM813000","GSM813001","GSM813002","GSM813003","GSM813004","GSM813005"
"ARL11",2.2533167591814,2.36000657869125,1.92840708876894,1.61226850621213,1.63015754521875,1.70461438056895,1.50757749032661,1.55713311711342,1.73960014517857,2.48234183145338,2.35240656394008,2.51139871133142,2.81717564566132,2.73993448903754,2.59894183457245,2.46030536488492,2.84281937249994,2.73076775510498
"KLHDC1",2.75437851507056,2.57857793386252,2.94329180296876,2.83687606005548,2.62113406144024,2.5398732181134,2.13990034006646,2.46866203101164,2.25802286590796,3.21256451429622,2.99218724835698,3.07940303056933,2.9870932551007,3.03558696218949,3.05154559755575,2.97376058810683,2.95072314958078,3.16661567385287
"TMX3",1.9970217301268,2.11276084141364,2.46778733450658,2.05655370311252,2.37423546980466,1.9429727169611,1.770113545557,2.08198242441191,1.85567960411169,2.00074279669232,2.30146707556975,2.55240264882317,1.97804988815137,2.33674240610782,2.34982043609059,2.2832550754013,2.54376880660205,2.46659579932071
"EFCAB13",1.74053991208869,1.7549875255522,1.73445730940867,1.85653717987463,2.05526716237811,1.9661443364117,1.76858197731391,1.79469699552605,1.79217443949614,2.27863455736165,2.17646033279951,1.76654936789024,1.81212153520618,2.20592763732715,2.42539270077632,2.32330463465545,2.17933810758672,2.16385388781187
"ZNF483",2.34033666116552,2.0764020934587,2.84333187186293,2.70902346974958,2.57616002802498,2.35508535175314,2.50671262546496,2.62364051604712,2.50198681944149,2.76412976856822,2.9217556459921,2.8856948116898,2.7835563927919,2.79104637401321,2.91193523776045,2.85394536149364,3.00814048009491,3.01927989555527
"ABCD3",2.5789952125125,2.46047050953841,2.59569818684136,2.63490198609049,2.26006360526925,2.30610792786112,2.13644997177681,2.84158774514543,2.53143685894224,2.16722238768806,2.32236718443177,2.62050735328927,2.35573235805065,2.00131441757492,2.28200055389899,2.25384438454854,2.15991814794194,2.21804708162112
"IMMP2L",1.89732214370431,1.98588910410803,2.670983284291,2.37748888943924,2.01200686055586,1.85560346564212,1.8235834815968,1.75061808064832,1.7342027862684,2.80902459636001,2.73534193746841,2.37198171240155,2.69126033953524,2.49170279173697,2.87601040415999,2.6101997088274,2.60973156309523,2.53426010878241
"CDC25A",2.18361354860576,1.72109306236832,2.1137324994392,1.89866653619699,1.57264426815883,2.03106201100447,1.68721346255151,1.75803107360254,1.83311070431513,2.48483133495987,2.47923418346337,2.442962068355,2.80143288697705,2.61163840624165,2.58649527102646,2.44351250194414,2.57492933630545,2.270081562808
"TENT2",2.8130160650398,2.86113217798622,2.98113130808325,2.95038031934419,2.80589933310636,2.88017084285135,2.39936034111654,2.24035157939143,3.07951345610581,3.2600011088537,3.10387593037317,2.74137098331268,3.0075419578263,3.27931750893454,3.2455349089458,3.2583538420097,3.26329617112239,2.93974713306953
"YPEL2",2.14856907439637,2.29065559403045,2.48081753228559,2.45986646007591,2.06587488049539,2.04674912271738,2.13689057605184,1.89167698235967,1.88776232115335,2.80607262086253,2.68134198688616,2.49213929863546,2.79802396312631,2.68208804774484,2.48689891293939,2.71130547165864,2.95817563411884,2.82266713699005
"SCML4",2.27425062664813,2.38853480565353,2.31622743475982,2.42725698760124,2.48067925570147,2.3254166384013,2.27165903435785,2.33765458189829,2.42195170155967,2.79023885102083,2.65921376471511,2.52830900956689,2.65677870385825,2.98969708067054,2.60718849355591,2.58848534501597,2.89140985401778,2.78654555304034
"CDC42-IT1",2.70504808641301,2.82883200977028,2.47847745173026,2.62520899231105,2.77379973397204,2.55712086043992,2.36275124646138,2.03207156568453,2.27266971803583,2.81317721037079,2.71733995146142,2.37419595564616,2.94181583720675,3.09278301407583,3.15440611776948,2.94514695596566,3.0228562046977,2.70751750231164
"WHAMMP3",2.31464635669514,2.50092363195086,2.29894477351672,2.4934044735317,2.91595832763897,2.29460575213657,2.74225310839693,2.79136671426432,2.09133898832979,2.89679980376932,2.98916335491284,2.47370484057922,2.8509092109604,2.96952793738074,2.92412535592124,2.85993179124517,2.98452719374758,2.7651856992387
"LINC01122",1.94877837028704,2.06199802728986,2.46080021802526,2.21167511999679,2.23055073106991,2.48044299176812,2.21128419219976,2.43578192225309,1.97084261326476,2.88119375801575,2.89718019906164,2.32238997189689,2.89707697542825,2.73583494393763,2.68797865818351,2.76123079889211,2.73316319797755,2.86119055293008
"CTC-338M12.4",2.33107113966719,2.45761188879401,2.51316806124331,2.42880863248654,2.24489649443999,2.23162317812167,2.46654855594719,2.13543078445721,2.21262567600376,2.66239966923663,2.73305731011227,2.56073500535097,2.82504353732863,2.78304610363568,2.7594260208045,2.67440641388507,2.77007018971179,2.59123610543222
"DNAJC3",2.49558184010556,2.47599977003086,2.5085939571502,2.91734696711461,3.02564136672742,2.15669949251003,2.1634356129941,2.14232030506327,2.65035558440711,2.90289611521584,2.94202254456481,2.81677847087014,3.08779835612707,3.17184091011909,3.10519983774596,3.1447735722595,3.00383445231693,2.78047934853344
"BTBD8",1.99517695235583,1.82225454095886,2.23085042046093,2.06406989977676,1.79868097266803,2.1582817615808,2.42392206418708,1.88903346316439,1.86418733348404,2.2600072833189,2.14999548550765,2.38728146968546,2.19343775631443,2.27276525432804,2.51416443549678,2.42699759182811,2.29743238375086,2.37557914167332
"AP000766.1",1.98024031708808,1.99290798120302,1.9978379449332,2.02976983748423,2.06432828668894,2.03799536887606,2.01216101433991,2.22981153852157,2.02282478643664,2.38657176477268,2.55230254878194,2.40966817851117,2.49935787074249,2.47107792068083,2.4898783951647,2.3911518040325,2.51502005053564,2.60216038600442
"AL158211.5",2.01528488893809,1.92875082215037,2.3973358582191,2.05773964865201,2.3574698038467,1.8780641590919,1.92498727878835,2.37804711165459,2.61913266149254,2.08858499119524,2.45617926848695,1.86722436730881,2.16644423136503,2.52962832451416,2.34447715229644,2.4401501236142,2.41311310389467,2.43770900094076
"RDH13",2.34595721980733,2.2714041610106,2.47926574846115,2.58755437723862,2.34300437983106,2.11252766617835,2.39415877486056,3.02882036435021,2.6349152253248,2.87967479505088,2.69516848019181,2.74881220316555,3.05379306604247,2.91976281692018,2.96879210928571,2.8040019151793,3.13393253624363,3.0469264921083
"CHRM3",1.91425720054636,2.33315778387787,2.42998813820768,2.40058028080516,1.89933033479045,1.87626468002647,2.12352185352011,2.58715853394581,1.90902382163648,2.52494452428654,2.68345549850025,2.64236424901258,2.50973536034321,2.64979523870159,2.9074244863337,2.68524856522723,2.86612560581036,2.85814515453368
"MGST2",2.12223636596037,2.06305867569901,2.25322537325841,2.12220322823285,1.9474050829772,1.9039845836505,1.86014878101642,2.12119614108703,2.35089464068732,2.69904117997559,2.82119997805645,2.31311783232242,2.48925647469556,2.40855535680766,2.5696233005406,2.50492364426265,2.43629831842067,2.65062970217898
"VWDE",1.87771048852716,2.1536568443186,2.1460487587444,2.02280029036858,1.84375918407007,2.91722932467745,1.88198718317987,1.85504167075205,1.85079782324099,2.76320588546332,2.69951498724831,2.37118747765593,2.43299093248997,2.83247992676952,2.91199255130243,2.68856845738201,2.46401629336135,2.69319342631882
"PCBP1-AS1",2.49735663020707,2.33182844501972,2.07259770821189,2.31433312373325,2.40328108561522,1.8101185380766,1.69661172419542,2.41671383831264,2.95084798151236,2.93681166435662,2.84144705303502,2.71620844533082,2.84958680183266,3.0647949217458,2.79594207999765,2.74071605025393,2.74336911857813,2.81118143489742
"ARNTL2-AS1",1.69386292919534,1.78577860298072,1.74267801821394,1.86565914565762,1.75108532295017,1.62081722319389,1.63770993085258,1.73522710948967,1.95704054718985,2.37541288458584,2.44368620967022,1.61851588956703,2.07855757704036,2.06804269751764,2.43059465640079,2.14621759038404,2.26136051001077,2.64196814059003
"DENND1B",2.69442046243527,2.70858499854498,2.7837621339075,2.9315537192299,2.83008998898297,2.2080780168489,2.64420977984892,2.07783841509109,2.5200679118026,3.02971613373518,2.93100239068922,2.73058474664342,3.05507258946697,3.06636633354629,3.18294776538355,3.00290788505654,2.9285092319918,2.8349012976665
"P4HB",2.17639777806558,2.17716516269827,2.15872447319992,2.03237348323904,2.00909129158084,2.09003296071589,2.11035622699415,2.3160640452008,2.16944306081009,2.44705412398751,2.4863951687908,2.91677451587956,2.71589183342878,2.59220011002283,2.82607393418051,2.51664984363142,2.6766395448912,2.74295238611036
"ZC3H11A",2.41861608060328,2.14321217241782,2.34946294496895,2.54315385239673,2.25522213770036,3.12682554058922,2.20870390537643,2.25084973002366,1.96545849888212,2.59829325935827,2.81215542902067,2.51211940741983,3.03014641419399,3.06754407132428,2.89361771797182,2.88793871908493,3.11905117002599,2.65630415095502
"ITPRIPL2",2.47722683593174,2.2761077257616,2.42056917409521,2.4478444376326,2.44888853228821,2.22118169841362,2.53000205272004,1.83828621952041,2.27573834427776,2.46045897624012,2.76903306801068,2.57591276384361,2.83005225338939,2.77275980223556,2.65948186617194,2.67794408568677,2.94533764075016,2.5837282281824
"ZNF519",2.16221003631431,2.08785893395697,2.43656963891914,2.06278659410458,2.11424873910084,2.13939581944352,2.83502059157548,1.95103604869073,1.92437965391444,2.57123726098004,2.72597995020521,2.72627102879328,2.67398215971922,2.54444853942324,2.52798787204806,2.80337233207149,2.68522164867237,2.72106067985926
"TRIM24",1.89858450724419,1.96147997765289,2.51905798970683,2.24160500205485,2.46995316159102,2.04464206672552,1.91634134960539,2.02146657963711,2.43067065394196,2.70173290290562,2.74353844908333,2.54813498358579,2.77092416564666,2.7795707121473,2.70925931081206,2.72788670054851,2.80482634234284,2.66758357570585
"HECTD1",2.60436529028885,2.22701646632839,2.32205591200577,2.51824883758092,2.21832364779525,2.20331769505261,2.16568848473942,2.14132814923484,2.1647827389674,2.51842384826601,2.56483200342557,2.56125378601935,2.8127813970376,2.75457349480616,2.81668755569447,2.73379771137501,2.83114233322545,2.65325473338986
"KLF3-AS1",2.38690418072985,2.56248789049371,2.4443530000317,2.39367044826267,2.60754502998029,2.28052106486326,2.20913078974782,2.21188035361924,2.15000003631821,2.60531985344499,2.64823740095661,2.41144278781161,2.81794000173444,2.82208543019518,2.61879330515078,2.72755935452664,2.78140629870694,2.67266022754799
"GJA1",3.20235393125872,3.30700454371899,2.34339474559384,2.02380570733972,2.11464221027668,3.26971602010377,3.32891686696743,3.05792537350209,2.99728572262208,1.92458260400513,2.05909322883177,2.20896885067859,1.88304831638391,2.19980235818811,2.28598450622804,1.94186352709105,1.99801709629027,1.81436297371998
"IL13RA1",2.17021671694479,2.27152936233772,2.13149597938303,1.79094965354294,1.99633197763113,1.86345126042387,1.97288120284356,2.63618493029558,2.0692505234598,1.83947148713871,2.01693056065755,2.45833527855997,1.78115530850394,1.63785272287659,1.66753066838731,1.80368912089461,1.98726665014106,1.71973762688309
"FARP1",2.78517952530901,2.76432619536476,2.41486102884917,2.51995623620498,2.24500697436048,2.44373500319237,2.2899294616006,2.18225878833032,2.31742882251089,2.49320154611538,2.24397397647808,2.3583636265203,2.27375487688227,1.97638600008229,2.2481792797246,1.97966028330542,2.18695085415901,2.15512261212063
"PLOD2",2.71781283182922,2.32864405377247,2.81585267017544,2.77765136980465,2.7703649837687,2.29583585004577,1.97556892638073,2.27228721094967,2.47008517943562,2.813056096452,2.78935929818922,2.77828827994281,2.9966539393188,2.98385551277396,3.01816625490823,2.87644641854055,2.96160017830915,2.89976883134883
"TOM1",3.09656884857038,3.07723000778118,3.05507293663202,2.99365498078307,2.88620577130391,2.73341399970152,3.17149187887078,3.00341280306211,2.80360502262067,2.94882452263556,2.84439529504247,2.89639218141418,2.93872164015904,2.84970168543285,2.60685460466847,2.41598575956181,2.68197901831659,2.60636902549162
"ELOA",2.0836919742162,2.32278480132502,2.3523172888862,2.11785525935137,2.37670295957212,2.2207243201763,2.02166342835884,2.5334407513027,2.46817899296412,2.4242349653474,2.27589295981034,2.55537935473091,2.09006210181922,2.47166220975842,2.97794002299437,2.97125236456637,3.01534680502446,2.92429831384174
"AHR",2.69385846984431,2.56978830124069,2.67261293670602,2.80259422008587,2.44336344138969,2.31676874772284,2.84593317879998,2.61988741374188,2.85031237635013,2.77088210241296,2.66442686089062,2.74592075593466,2.69632461543305,2.86751795393203,3.08027118759354,3.11549974548199,3.11664687979565,3.20447301808746
"LPP",2.54445719479941,2.42473858292553,2.43128169991635,2.74339755715083,2.87180501845279,2.48017747178999,2.54858976419543,2.2411830434142,2.2630031471026,2.52410581229102,2.48096044723775,2.49233211978803,2.7642837269721,2.66582114965859,3.24863835915183,3.2551857229316,3.05860223521748,3.19217080416794
"ELOC",2.54365325975532,2.49897560780011,2.86380348870996,2.61315772957334,2.35563398669178,2.21223531706257,2.40430151057496,2.7948206999584,2.52959134613965,2.69791634758258,2.58684807264714,2.76811168523831,2.63238339381225,2.61962405827542,3.19452836858297,3.23290906314156,3.244008848032,3.23585998994472
"SLC37A4",3.27750709155802,3.27071401408058,3.39373208150326,3.37050733328092,3.27738240794498,3.33442454244416,3.34308499204902,3.41022060360774,3.37165671165294,3.25170909594427,3.2048645439128,3.2535539724418,3.17701777994066,3.02151934767849,2.93442950322543,2.99971612182327,2.95052365730099,3.07145584091672
"DNAJB9",3.26411887475046,3.01084731807218,3.19882304433076,3.15704257798535,3.29953290420653,3.25457907786656,3.1378789035059,3.26706875670158,3.25334202545981,3.14520952228181,3.05028540757827,3.08757485792822,2.98189593349177,2.85637482953228,2.76839925709121,2.84411564971897,2.7071196662484,2.59290116946876
"AAGAB",3.38037357862128,3.41314926410391,3.27205096739378,3.06334382290627,3.01700559476958,3.17646847109866,3.23237664067551,3.18149029252597,2.89878686268408,3.30905770463081,3.21910205813423,3.3358123638966,3.15447254980148,3.04757101828946,2.72086221171293,2.69896475203976,2.73419237891529,2.68329244313086
"SLC16A3",3.2204398555732,3.20776949906479,3.48726946572903,3.4354333770057,3.31476380152474,3.37210572854986,3.26239466921357,3.37475503595777,3.39993558797449,3.36202179117029,3.32906287262535,3.48893192151243,3.34198076750341,3.13054313460829,2.20889864023107,2.22402977511479,2.14556170891659,2.14597183275834
"DNAJB12",3.17506864699463,3.22249129408345,3.22518375582002,3.21610311199627,3.11621718566432,2.69970508838134,3.13392957796013,3.2621390560118,3.2826951083004,3.22359476716849,3.20222963391585,3.18790057907161,3.13764893352415,3.10597302256571,2.4473776547688,2.48512717920884,2.49202467065712,2.43418971513574
"OAS1",3.08828273792738,2.97701444318746,3.20993101356763,3.15767628702562,3.09524695360373,2.93080734205002,3.2269748641749,3.16689649343996,3.11747762477709,3.06430465776569,3.03849360033801,3.19322893568505,3.14241997328381,2.97984719229068,2.72228502046638,2.71146693351322,2.58695084681634,2.76464318242331
"PBX2",2.78292767398301,2.83466308472155,2.7083927529935,2.58474800411377,2.67124173349316,2.57648561659468,2.54335234916345,2.7420357545434,2.57925160514799,2.61875361050956,2.67834508961966,2.67465227501705,2.67869393323385,2.7738695564249,3.08732331740695,3.00758393601887,3.12112019982916,3.07376625972412
"PPP2R1B",3.38932051388602,3.33420684158015,3.45836481036266,3.46773595730002,3.43652713185831,3.20737657423196,3.24636552027369,3.38226883131925,3.41917372210902,3.2783929573663,3.23779573617139,3.37473236535529,3.29077088038334,3.27866220868843,3.01974869898553,2.96828764574044,2.94298997679867,2.98669707931545
"SIRPA",2.5688755793007,2.48485633459927,2.5923281009156,2.6420642889188,2.52469835206799,2.15617848066872,2.57396510578782,2.53117457101203,2.36711241980742,2.43756147004506,2.45039730126868,2.52574867818927,2.57563448047212,2.55062711752284,2.95349936690652,2.71558349819974,2.82502602867377,2.80712180492581
"SDC3",2.89357228914672,2.77109895800814,2.8763747082398,2.89004019038024,2.82843681283414,2.92782365361405,3.19933171082539,3.1229860692947,3.00983855807641,2.92650427347608,2.85371905422872,2.90731718554662,2.78027859880776,2.76910312153291,2.33893835910928,2.2199915319965,2.31183062005514,2.3175613800633
"E2F1",3.14661074811123,3.11685876853516,3.14517005897846,3.22570634718376,3.1259786792227,3.26815633806852,3.2640889910467,3.10212562992645,3.08558339836354,3.0932751920845,2.96824579886102,3.20322574927979,3.08420359381963,3.03362210173985,2.46624469971221,2.45916194061532,2.51373378512062,2.51472093330227
"TGOLN2",2.88801960153186,2.90221793809353,2.86415325330914,3.06336228994072,3.13460998773839,2.39113970305037,2.26147214344914,2.96964065505342,2.46586400597654,3.03422223140187,2.94701488030994,2.95200174563266,3.08578137662594,3.1942739976432,3.08614310535229,3.14927253702407,3.11898026367662,3.06991522162767
"ARHGAP29",2.22821193851261,2.0385215186879,2.59430895629119,2.91743060963581,2.94446511727405,2.54066413706818,2.18101888155901,2.28360298146988,2.5172789691946,2.21019900725165,1.97926809808223,2.56442816811848,2.28547472171425,2.03754985307623,2.0400718069248,1.99129453425791,1.82085495560513,2.05488736500208
"CDC14A",2.09456511545015,2.18070356734577,2.47458400438679,2.02186415796871,2.28185015158466,1.75225362358072,1.69827360634988,2.09621124313046,2.17349941530647,2.61349558509106,2.42545554494464,2.59604158711038,2.63183371271402,2.6326106985709,2.39164868170812,2.61511727432095,2.46661433082932,2.6303882298688
"PLGLB1",2.31290531234748,2.28373127658749,2.3547810598124,2.65663891688308,2.53469040269314,2.71531332129199,2.27407107871987,2.74103265633872,2.19318887147417,2.94273499797494,2.91807285315634,2.45295171582438,2.92245591165676,3.07962353188367,2.75762452867869,3.04104931301118,2.83556396172826,2.85555881713126
"SMARCA2",2.50040105045955,2.72653000665634,2.65783821926117,2.77697650202685,2.78392616104621,2.45174733198942,1.91504279137198,2.85017833462936,2.99933277961557,2.86085814157955,2.78503092056487,2.78967876138167,2.80642552715398,3.06292056962712,3.04214140750476,2.83734303662967,2.94899323707826,2.88665705301611
"AL031681.3",2.18306849316162,2.46355968412844,2.29990078532908,2.15077768901482,2.21005745541794,2.15915962002393,2.37373756797078,1.98893403562857,2.17133046339158,2.63774331207201,2.73854844401949,2.59185411892892,2.7925555404244,2.84437360036208,2.66191191666996,2.65656936152512,2.6389322460292,2.77319270580623
"DZIP3",2.21465980919402,2.44648413123291,2.84398504964256,2.31571257906206,2.13173631437051,2.01810356926842,2.03539165232243,2.01250252611737,2.54872587454965,3.00857240257764,3.02383923282539,2.93468595404704,2.76856906273955,2.96186517704183,2.92647068523264,2.9926016774843,2.73526025888229,2.94398094546754
"ALOX12B",2.70377647229442,2.5369286984832,2.3404620032216,2.32906703579519,2.26454844089735,2.43136648751194,2.44392141107313,2.22790677296985,2.54282659485996,2.2128369985369,2.19510030297871,2.08313642246156,2.00804758821232,1.9131161268254,2.26286908755548,1.98165029655385,2.03698714008539,1.9747778164092
"SLC4A7",2.9733616520714,2.91321571953706,2.5551964973487,2.91447784438432,2.53141864257747,2.48971889465926,2.54929187697097,2.36115943607917,2.60326907610928,2.8179719178381,2.87154049303014,2.75140180435328,3.02563233153788,3.16110664253027,2.92719104798457,3.05215640830456,3.02625863734113,2.838017089845
"RNF125",3.07420090377558,3.12448480450014,2.75876687170375,2.85197945451424,3.07515316787446,3.03273439636836,2.94877575432024,2.93915227796087,3.05783615232776,2.63428982917423,2.71285260352268,2.52516534162524,2.67563146212601,2.69708010072446,2.64056609717903,2.47833247832841,2.58379200034091,2.48686365400001
"CDC14B",2.14037817872308,2.15617750966356,2.81299225095484,2.95222880874046,2.74444400831909,2.36395572345674,2.3958927960593,2.33318727266074,2.43282501664549,3.05388271132373,2.90455654394024,2.69736550220807,2.84524213700118,2.91542643889874,2.88998044103897,2.96411172825081,2.95174089587237,2.77221864842224
"KLHDC10",2.72610620049027,2.52288762081965,2.39221079680513,2.73436495782095,2.1208678073675,2.33254611360822,2.74640414138454,2.38387927126806,2.46749965075022,2.70756962594899,2.90190449905463,2.87110752860011,2.99493447134777,2.85053301790982,3.05217780199956,2.89758663084164,3.00219429261862,2.86732441094282
"KLHDC10",2.34066167341406,2.39348182595167,2.73977877392156,2.60953750157742,2.15816249704923,2.76063868194865,2.59609575050258,2.79150716634758,2.38725499648635,2.86506699704513,2.95212777193475,2.64771651985882,2.86640556779333,2.84790934032352,2.98685104938932,2.93928714331519,3.01443403198094,2.92645493454408
"NFIB",2.00834668587096,2.04038818810977,2.94725133402722,2.86379714658609,2.7614612373792,2.26306746721632,2.05570273005001,2.9033730599531,2.7782096279247,3.01878993549349,2.97857639233512,2.81435579518221,2.99178666543255,2.95716204713909,2.98716458066244,3.01053513262641,2.96819842009193,3.11754045991972
"TPM4",3.03443090599486,3.07722009340282,2.91071846509995,2.97902512390393,3.05915727421103,2.46328005077463,2.28170092038024,2.84772316927796,2.89209662779878,2.47851395166612,2.31435748873616,2.64145007742852,2.53675293495071,2.28354134834963,2.35777352926773,2.10640125532367,2.02382770298435,2.08174387995854
"SLC19A2",2.48892858052203,2.48468287456829,2.87316708847237,2.69268919842827,2.28375616392645,2.70626309595969,2.71146649298704,2.30921403007245,2.72040806115205,3.00623823206415,2.99233084358009,2.99930445335008,2.92131692647361,2.98305889935918,2.97826721340836,3.01825440198123,2.93311653102251,2.94954819267749
"SPP1",2.6921941697378,2.82953136078684,2.80082495546544,2.85237145190509,2.55243732559604,2.49517963958723,2.64540077756892,2.78360563086189,2.87069179202716,2.47904141500667,2.50818167445601,3.04639082590197,2.44871360000934,2.3593243747517,2.52627793719733,2.16788551335005,2.32156044935091,2.38342948041052
"MS4A3",2.14434173282139,2.47706230276937,2.04171609179789,2.48661012457359,2.41574352571548,2.94557811489555,2.56042834319521,2.12486904422839,2.12122333305458,2.23754566922101,2.23632729212963,2.00530584118367,2.43556699152536,2.02038947672069,2.13156610866001,2.18635856309581,1.9556602286451,1.97295837947121
"VEGFA",2.12277077237646,2.26365342963282,2.82760341703689,1.9682522511022,2.27752925971179,2.68709205093467,2.06117687953983,2.44314831083997,3.04566942255817,2.57101221637624,2.09152991611668,2.71706088810139,2.70568844922865,2.70043416930334,2.95908090900409,2.71874717014687,2.70702333852296,3.01060459257089
"RAD52",2.2024910691163,2.15859425899446,2.47764857698269,2.00283283404629,2.10811325100351,2.38868881339217,2.00118504780999,1.94518891627355,1.90012989158843,2.81680529384771,2.48266348238701,2.4547957503011,2.33043362876223,2.52472467595038,2.54295062479536,2.50833965401187,2.54493637431886,2.57917942388247
"ARHGAP32",2.77051193535072,2.94599341898026,2.86363937728178,2.64418554830832,2.64140221481791,2.76183415908254,2.30214062248523,2.73654318335959,2.91781801368063,2.53004451570912,2.41687270198482,2.32148944891737,2.38896455361969,2.24910609340916,2.5437843935839,2.22634976296482,2.35899426001221,2.35516797045953
"NUDT3",2.69101997361061,2.61757049079565,2.65281824794892,2.77622024144208,2.72254974207244,2.54614622465371,2.43445876356147,2.44491853603279,2.47632568969183,2.99545412698788,3.04408806067574,2.65169075682742,3.16396543947796,3.21321194981367,3.07003599609191,3.13140279765196,3.13117393358265,2.78498424295803
"TCF7L2",2.66098906626733,2.79404586510933,2.93847286897412,2.73876092049278,2.87180501845279,2.29019081699382,2.82383392258164,2.45911786392802,2.75116932478252,2.91431652701127,3.05519634851291,2.98141210749684,3.20419722749091,3.19238372358934,3.13859447717112,3.03363302502664,3.19023556959977,3.08864231379579
"UBXN7",3.08766514382907,2.96544686231495,2.95319761983178,3.05301121342591,2.39433496006821,3.02192366093763,2.38701754326323,2.89246777330514,2.61578892965907,3.11139527980556,3.13642027617972,2.93411921038539,3.16923667172812,3.19362257836226,3.23102052412494,3.16438436531723,3.22504952972908,3.04991091608133
"LRRC8B",2.07902441332858,2.3326122758503,2.34012412452038,2.31491023168571,1.98523846264968,2.8141945763252,1.73869521391862,1.88013968564314,2.58600447152156,2.30094546050783,2.6380019903375,2.254746104509,2.50944578690071,2.67621572130053,2.61238387673366,2.58253023177063,2.59574544204104,2.65228685570852
"ACKR3",2.61743907762528,2.60070601714215,2.91038902166883,2.95507785344321,2.70684679464314,2.9176839901423,2.73507370238209,2.99407134259912,3.04445287519637,3.14483474042069,3.29100511033928,3.12399389399543,3.22021617562317,3.26174141228646,3.15817833491245,3.21127640371725,3.32283771583083,3.29291394114555
"GOSR2",2.47641279655886,2.46245051051083,2.47758926090725,2.24156747927942,2.20505463503969,2.26067818481154,2.2697426462268,2.54329765390253,2.18941090065341,2.78914704871613,2.59095980463313,2.71934380404716,2.69830583754416,2.86433731631371,2.68103225156653,2.70337428059995,2.68975985469008,2.81023928178078
"ST3GAL6",2.19448109113246,2.26706590933833,2.76256121745014,2.50826738621733,2.15837386971518,2.24836025704756,2.39202390753188,2.43667330292552,2.73763182115231,2.99979602456974,2.87889990584541,2.98045182875703,2.78925975143968,2.98247488676945,2.88495127450852,2.92870781258811,2.74946797725892,2.78714510889045
"PDLIM5",2.20689073621484,2.21764733120914,2.16163329427716,2.17398064241648,2.00766232792011,1.51769647039498,1.89852259551212,1.88013968564314,1.79891483566838,2.46042280302467,2.67412389302238,2.52848655492163,2.5920867029967,2.4967481502731,2.63494425830803,2.68022419747133,2.4104165483189,2.52275256531415
"SRSF11",2.85960465523467,3.02454273352971,3.0967413783617,3.18691330841331,2.96029410326953,2.95882708848593,1.96665748563891,2.80040316502943,2.77030048949942,3.1536938065785,3.28027176185648,2.99899427141911,3.31300417286941,3.44936327931473,3.35569162917561,3.3100668261817,3.38421769687978,3.07934482761932
"THSD7A",1.99517550482895,2.03629970683343,2.0594213880865,1.97050986920726,2.01376023712219,2.04672433116399,1.81551394907077,2.58892134960344,1.97109028108484,2.55433958155428,2.44631843649973,1.85522390924825,2.36943242252393,2.53481588091277,2.68616746430073,2.51664984363142,2.44120909708996,2.64484496258216
"EXPH5",2.22821193851261,2.08143916724856,2.12307780914191,2.18083911953931,2.07207698060078,2.11176683254348,2.10658082059262,1.91094636446224,1.8788037999879,2.39838895480738,2.349111311472,2.50019170984864,2.59348715732969,2.50792501589012,2.3631374278629,2.44351250194414,2.52547558175627,2.6679654499598
"TUBB2B",1.96766110603788,1.96281662312321,1.93204793901691,1.84644597754042,1.99487836918988,2.67507836520178,2.78252242430162,2.4398765509444,2.34737482048255,1.80890478033828,1.78509643412037,1.88223610306637,1.88860415908694,1.72692492378791,1.78705251594028,1.82215254648953,1.78046884976306,1.82491201363122
"NUMA1",2.42851950109299,2.4256899778794,2.75199236967291,2.82693647559242,3.14388152739519,2.53960253447401,2.34812021785428,2.43098423525529,2.3324372686864,3.0781749796807,3.13796822622272,2.41998646203781,3.13502110137005,3.31019933463018,3.04965307008425,3.12692248656123,3.26534087321696,2.92725970745774
"NFIA",2.20141273552778,2.43993025929273,2.7233525722897,2.59922042040041,2.99944229058241,2.78957694147354,2.24550783227548,2.80643253902851,2.89290331027918,3.12371833513281,3.07885811808801,3.06333968073524,3.14168667899142,3.00194506417451,3.08663025087522,3.2222048587893,3.19697475228219,3.2476354520341
"HBA2",3.24858614319392,3.42890816709752,2.98559314598417,2.7691596274847,2.61176019982565,3.60036277388758,3.3279151023396,3.13533490112856,3.42653662677234,2.53939458715935,2.56128042900007,2.50636607725555,2.91635166914974,2.70846073712661,2.63704469537537,2.51969311041782,2.83863718279424,2.50256661811423
"CHRM3",1.97244967267188,2.27775836027531,2.77545136322225,2.85093060761661,2.68467468522697,2.99178775363099,2.40113537670325,3.05743259581205,2.6370521169122,3.09634468080993,3.09986610905051,2.85791114709753,3.09724400883542,3.06364409862332,3.21907556530389,3.12509130408968,3.05570828225512,2.98955394963927
"RRP15",2.45411376118557,2.54182232722371,2.84994263107365,2.42669360754654,2.32316395504693,2.83444991347795,2.29979150029394,2.1575511519515,2.85817818313876,3.00469373875091,2.87679548873868,2.96389152034645,2.93381432608517,2.99020791359587,2.82710908464694,2.95571583122879,2.85872105707993,3.0033921131736
"THSD7A",1.82434709906926,1.94551481639834,1.78268491521151,2.10590599498051,1.81592253559718,1.70095145118278,1.83775719285632,2.16570198942886,1.69378934814076,2.76935939108418,2.66417447116784,2.20591606748011,2.62219195179921,2.86633315880708,2.60293380385117,2.54253318819711,2.7595785646175,2.75805517261648
"SLITRK5",2.55474035739705,2.64273807190256,2.71258125438264,2.46334178927359,2.4677969838286,2.79988388493227,2.31595510854701,2.73658604331309,2.64081339792157,2.95274022230488,2.98900999486456,2.7186833948222,2.40857274700406,2.87429886985648,2.89180450217499,3.00503288924003,3.02409534892018,3.0422079612199
"LRCH1",2.37701932699918,2.29639514621126,2.48407005604943,2.49830040346286,2.61941723654956,2.16725611329823,2.10230337623415,2.87143305268609,2.45345515545978,2.78745983868508,2.78708303255782,2.29932145097789,2.40243513710072,2.70883017929183,2.81143753166633,2.97860787397951,2.72196164882101,2.59161647117044
"SCAI",2.12340199818375,2.53075146572375,2.58583867184845,2.31400473616937,2.34602872882709,2.39145292078471,1.99620613815057,2.19940348779595,2.31250573649243,2.92411775289951,2.75439839907916,2.25140158902993,2.66707122412996,2.71508242271794,2.70262452280395,2.8798288605533,2.75650348389303,2.49397620636591
"SLC35E2A",2.98442328961396,2.98265705106525,2.82573841861772,2.94729622592522,2.75386806504061,2.22728731324116,2.30786593064683,2.37874687434045,2.50020496983835,3.12959147338734,3.1492959527706,2.71959767657607,3.20609085609227,3.19668918473322,3.20840613492129,3.14882837891892,3.26236490012373,2.96643582018227
"DLEU2",2.42231078568808,2.38874391055787,2.28956566811757,2.55423912457058,2.56765763667118,2.20323185829481,1.7908291607833,1.71036674068205,2.66203181880134,2.87648453160589,2.85164291511392,2.72977549275943,2.83594064292581,2.90413337681381,2.78003854442133,2.81174618500985,2.71043683606622,2.70931247451969
"ATP6V0A2",2.68358709724602,2.79561610513312,2.85877773972131,2.97078979895041,2.63800013617806,2.09922214185208,2.20472418895835,2.44992131018392,2.51398107750304,3.08393870402518,3.1725817612537,2.99896052451074,3.27050905846748,3.22139316361571,3.25491598326611,3.2728142142259,3.36178576147228,3.13457072625373
"PTER",2.68855055431367,2.7179549288498,2.797969198823,2.65532686748242,2.44259216512238,2.68459704358432,2.26010185475191,1.92899483451113,2.42783194493373,2.94922002695689,2.88564522843612,2.9022397450495,2.88630470246286,3.07969725235975,2.99342130189627,2.99648293436499,2.99499835276143,2.96395937976558
"EMSY",2.06129994323372,2.20126592702063,2.17519051503641,2.11434936599008,2.14071976906915,2.66443414289632,2.07585536171582,2.45144139704447,2.25877065830867,2.43860637742751,2.40830317540088,2.48952135670911,2.44241991812802,2.40150486692404,2.60627070542191,2.58294685057548,2.61725427964287,2.64110066697943
"AP1AR",2.26573362622119,2.24264244051633,2.3538124822873,2.73092792279551,1.83742781512549,2.16248816987318,1.98067281344212,2.07132128260915,2.55356104121196,2.61440125103125,2.61043337037751,2.53869980594616,2.61680817476794,2.68946086752172,2.71524631837568,2.7149477331263,2.64589713996465,2.56769535553416
"ZNF236",2.46344851739609,2.45095361313098,2.42244158423389,2.06134937316691,1.93541524044822,2.03088585761275,1.7613571935341,2.61615887747407,2.12551919019542,2.69617302566798,2.5661953316211,2.70325643668542,2.7736372940428,2.58884197684075,2.58438747216531,2.6292656837081,2.75445762186816,2.70724890320772
"FAT4",2.23441547979951,2.07242381020951,2.26485285843335,2.35457176897626,2.04476410133207,2.01816661106886,2.17728701326176,2.14950879098304,2.60539097572399,2.58691626940844,2.45917794431736,2.60950795277142,2.69707008951499,2.52792233520515,2.68082009961245,2.68770303745744,2.53422823005345,2.63416341603692
"KLF3-AS1",2.60442341218886,2.59710992443825,2.65859721640476,2.86690224294929,2.82267508998072,2.88449144870688,2.32571394869743,2.79082999467781,2.90522129768905,3.16870107703031,3.14023860728669,2.97297473303601,3.11538171894522,3.10295436568067,3.1555423322656,3.05688920167353,3.12997699242164,3.05411357439647
"PRR16",2.17018947129081,1.82411121130861,2.43947447247316,1.70206970824947,1.92072890166359,2.36357088238267,1.69021682527998,1.94047612135372,2.89290311604578,2.72171453440998,2.54123901103678,2.17453713087832,2.39242761299182,2.79615187826749,2.56026642667341,2.58261669608635,2.84172882603044,2.78355031648806
"GSTCD",2.5435649232689,2.54146750877141,2.73078275120634,2.55088096901764,2.54020833894299,2.55434523051678,2.44981436878596,2.40632223637242,2.55290058635122,2.79665381623781,2.68281664734119,2.71864197222486,2.81985780573656,3.04270456516759,2.94304044187834,2.93281766954178,2.7530323934056,2.7070812243035
"SLC35F5",2.01389277080453,2.05156038811108,2.27936342378477,2.29447871454633,2.12199576876051,1.93512704094112,1.69523798136187,1.91558094009149,1.84341067083722,2.24011646044535,1.94621132154156,2.19540335205324,1.98276509757537,2.49753163885645,2.39289136382614,2.24515274621253,2.29578061366101,2.13199207900176
"C10orf95",2.78511380622551,2.71477017852979,2.70304486941605,2.78760714876334,2.72254974207244,2.84473312750373,2.46105858552718,2.7257147668295,2.56179583717576,2.67932650412674,2.64321179598631,2.51783426714258,2.48438719699509,2.17378561289951,2.24956457467616,2.47233777537027,2.2587697539552,2.44721946971478
"NANOG",2.46995394279723,2.26566762478737,2.42063600113646,2.0939329706897,2.44044145203987,3.09377666558237,2.51095736339111,2.15137762171442,2.32475329762905,2.94048814901498,2.9192533083528,2.69700801846564,2.74664964260979,2.80056324042595,2.73296443484923,2.84757886518085,2.91970199807242,2.86193551950989
"ZBTB3",2.12098422514548,2.12430100149169,1.96608193387923,1.91151365448922,2.5944434487324,2.04975586556637,1.77476302765897,2.61399573946479,2.15000003631821,2.40178499377299,2.44664292621721,2.45204107397605,2.6496184479106,2.49695875783756,2.4828942214636,2.43797792639125,2.72766194400559,2.5574176877954
"ABI3BP",2.06091274111319,2.06488388602165,1.9350406453182,1.75685164949618,1.8952708196405,2.01255830465385,2.0152734689662,1.91231300513716,1.77998498353069,2.02706980924547,2.52128923941446,1.946323629596,2.05062846097703,2.3245133949081,2.53177743765558,2.54350949369215,2.33801786409364,2.08667236730896
"CDH7",2.4525545832419,2.52974000344538,2.50403048282882,2.85292130746449,2.29052997743995,2.47409775228628,2.4721492832992,2.33526943123575,3.12851331934441,2.81494595683201,2.87251320319013,2.67257062253337,2.73102701357531,2.69326369187873,3.02003844473504,2.93857298477531,3.11161845660584,2.98301291694243
"RPA4",2.157294380891,2.18793873237459,2.60401010274483,2.30300067847362,2.57839437030928,2.41328726046809,2.29482127875431,1.93331580057641,1.94568710165814,2.75315266066732,2.62138846665526,2.78129507933901,2.45850642336316,2.57115156852195,2.77941837657984,2.70735891118976,2.70206682611465,2.62754777513339
"DCAF7",2.73396990378736,2.79847174925856,2.67064979149477,2.70852165525164,2.54764699550926,2.19178687002721,2.46220129358694,2.74669736216652,2.73840814484151,3.07653190325474,3.07814781824322,2.88092370209238,3.04235489394543,2.97934694611795,3.18656156663467,2.98402565047576,3.05917925669931,2.88541798259067
"SDF4",2.69024498996416,2.64254655175595,2.9408902662165,2.80389758908826,2.91612576891297,2.3502850704471,2.54856683129563,2.99612296235396,2.98841984272563,2.40107337609415,2.33221955420404,2.47771540177941,2.57059820770345,2.32630464590338,2.54966350342485,2.15506042097204,2.41184462085565,2.2964303887073
"ZBTB20",2.91695370588655,2.96085640336467,3.19706395105434,3.19519198046447,3.2644220317058,3.05759981948621,2.34887089432054,2.77569176068941,2.89571675498032,3.2883315390959,3.30355442818644,3.01864200711159,3.33007474365226,3.33645293027949,3.33183331662867,3.35093904014905,3.36770276349617,3.25139325664977
"WWC2",1.85592872023499,1.87252147708402,2.07419233893769,2.05674894329036,1.9554939659957,2.1874738582473,1.98887406498555,1.9153824565734,1.90539595902672,2.49279688718973,2.20219389448827,2.27135037190099,2.37951616602724,2.56273062899628,2.34616521041119,2.41227317364672,2.41362819979389,2.55249831534459
"COX15",2.99605045084494,2.92051950163327,2.81750026507465,3.15788595286534,3.02960182995606,3.01938078566594,2.55735151357587,2.41038534007054,2.74546560630456,3.24290991278462,3.27897718827976,3.14408814841567,3.32301230551538,3.43940066613725,3.35809759204432,3.33334286611176,3.38505243538607,3.13719741040809
"KBTBD7",2.26334395093423,2.37724565795804,2.8043373602304,2.40829339161323,2.38932285453327,2.41934633955084,1.97695928897456,2.6671073399756,2.26314440713692,2.83705959806126,2.87243696293479,2.91352154110326,2.91767043436176,2.71807245531618,2.85033298165953,2.83939348057347,2.88527310444203,2.94871633322531
"BCOR",2.53882369463189,2.56665346570901,2.71032684210282,2.74413956264791,2.36197717020411,2.31778305390647,2.59609575050258,2.79961702612913,2.89926632789417,2.86624828135227,2.92170214611038,2.8451144497184,2.94773179184986,3.02795746835751,3.22811817857322,2.93848171407092,2.86670703499813,2.89827221284763
"TRPS1",2.51139289168087,2.29959312533935,2.4573723419045,2.40672903485898,2.29007636921752,2.18181084033266,2.4240830931053,2.47219998358776,2.79263403887626,2.62583506422787,2.67265321321479,2.55685339389654,2.70974366789068,2.82555526622724,2.87212270023277,2.58556638264115,2.88616030362413,2.6681486319925
"CAPS2",2.54821638110411,1.88824721743047,2.02084885459321,1.9323779548122,2.35563398669178,1.94949496654255,1.86034388497682,1.73550051504621,2.18087348286051,2.35401031341139,2.56199300725298,2.1484717825082,2.56484614536709,2.63642880671453,2.46090294168071,2.61298959752075,2.51618740257863,2.3716865389581
"TENT5A",2.40990926274851,2.57712424371803,2.33135180750585,2.5463047940281,2.26803967954726,1.6981629033851,2.25932070162755,2.05121337913283,2.31533986767856,2.76137698159166,2.71926121465563,2.58788580344747,2.70524144179038,2.71730265838255,2.78832969056081,2.82026250863631,2.82857877938298,2.84268181716418
"PPP2R2D",2.44525155262734,2.53043586571119,2.48633672617235,2.48313447092436,2.47876399022443,2.09524864175791,2.09551196962213,2.07184948920084,2.62347851772247,2.68648775297252,2.67453816269841,2.54238262389149,2.7415716117056,2.66125068031025,2.75810848758858,2.85714617943394,2.93829971998812,2.87110358479322
"TMEM87B",2.66217495886662,2.63991861159876,2.69768954128894,2.70783529471944,2.32052395806865,2.18621592057223,2.2129011049973,2.51993158592195,2.63466017449042,2.7405420707748,2.82188732711818,2.82941932502637,2.91557596877608,3.08322664608914,2.88331993021415,2.90203999645337,2.97345478375098,2.76832154634425
"NAA25",2.4791035177245,2.47170356408704,2.91369845522663,2.95796640103839,2.72311443573477,2.33119757596264,2.69304552286238,2.56890086619352,2.57519347289464,2.93186456428361,2.97484846886809,3.00667898154797,3.00528661584469,3.07006605928734,3.11473947873099,2.98921586426335,3.09987553246874,2.98200239361139
"NAPEPLD",2.06194067272325,2.53448099906028,2.43415714833087,2.36316659059708,2.22271678515496,2.37094178686926,2.03950902414511,1.90784169132465,2.49426966935629,2.91992409837726,2.99467638335554,2.81977546207099,2.74168636723169,2.75292431551623,2.77319566033309,2.75927793561368,2.86103388830541,2.74810953322267
"RBM39",2.51590189604238,2.36906467866263,2.47412839126599,2.45419353186771,2.35462367142168,2.08170298266304,1.9836955686852,2.67686855640657,2.60286398523665,2.80819185457339,2.67995497062617,2.59928351142855,2.92862728462956,2.98744766470035,2.81398123106027,2.68148457324165,2.88235682939958,2.67910621710878
"SNHG14",2.96994100833274,2.90015327620756,2.89358801467114,2.92705656457625,3.05118988252904,2.72872117305004,2.22171656652601,2.26003439041439,2.16180095687283,3.15884676045531,3.2285983068055,2.93115807014506,3.1104116887677,3.20849275687987,3.10043577867734,3.21867981915914,3.11974543635899,3.12880627174081
"CHURC1",3.11973016675727,3.15961287952953,3.25043228621442,2.84980455253103,2.37869167145702,2.67023802998663,2.22473428073572,3.3451889837189,2.99197201006369,3.2246569624608,2.88390659016859,2.83931244603149,3.20432010325272,3.15221847173707,3.22649203736726,3.24031326067032,3.34220697196143,3.2469952312876
"PURB",2.31700444066729,2.47643249857327,2.90594041235894,2.69514887669231,2.16562063783911,2.81680672712255,2.48345130162526,2.85880995833529,2.51999748675686,2.97786292928073,2.98937501587891,3.04996979606855,2.9821550396974,2.96713466136759,3.06166907134299,3.00554083677125,2.98734124180612,2.95636579478486
"SPRED1",2.13417690238341,2.13553618309244,2.72101407402648,2.27455270587408,2.53442447229939,2.20753931681554,2.07432697230685,2.75772585568165,2.64557370535812,2.71165876987978,2.65372937322136,2.68549079162533,2.83541196807643,2.79292217694876,2.64639494462299,2.81544488364662,2.78422672432504,2.7362056708523
"GFPT1",2.00518796965517,2.18012876092112,1.92369229998592,1.90979422127977,2.06399848161282,1.86071971354954,2.63654713341454,2.29329749411479,2.2608371319059,2.51656588906612,2.35497142604986,2.56928765178167,2.461266346514,2.66855055219136,2.34163940193783,2.45605464841343,2.49850184909797,2.56929786093302
"ZNF614",2.40235354408799,2.46465702857439,2.5705365211689,2.28274313941065,2.68510253688907,1.95071363280208,2.12736485405387,2.01553931674336,2.11665020638994,2.629009398838,2.59695469613792,2.69167172804248,2.56442987538971,2.63397912115972,2.62961983690705,2.76707357801793,2.62723771310288,2.62783279596765
"CU633906.2",2.78614529236805,2.10127624460684,2.40933336297037,2.47294728112893,2.66117108349975,2.33579707482775,2.90684346680074,2.03434074818618,2.0055817953875,2.61724158272923,2.28558805560772,2.71278394578967,2.36151291803463,2.03068955715358,2.16646447774315,2.23178075143643,2.0770498289633,2.1697496231858
"EMCN",2.09477013979972,2.29627208441115,1.93597374599399,2.06274135729123,2.835903464178,1.9456286767886,2.9119296788008,1.85213950301206,2.88388860880245,2.44655188589735,2.58010784840967,2.54991038001366,2.32639985988442,2.55437028217087,2.62301185151973,2.70481155586862,2.84330915605329,2.86751815161334
"MFSD14C",3.01295870263275,3.06228752939443,2.98255319468113,2.93251005337989,2.91303951236859,2.96872226533685,2.3644130266978,2.79503668949528,2.72170491139971,3.31872276367027,3.20543349095289,3.17363100929549,3.39344063876068,3.4497243206219,3.19307766379891,3.24770425809548,3.40796219844337,3.25486429629532
"RBM43",2.68827437133708,2.76219316203467,2.64234483899861,2.61563805220488,2.49645825900041,2.87780568585827,2.18686910773891,2.27965849212441,2.80113837128624,2.51848251616147,2.83691341566755,2.60773486269795,2.6123197044943,2.77263229148607,2.93054944386232,2.91643040102111,2.85827109690585,2.95354983818797
"MIR29B2CHG",2.4640819223283,2.60229937523642,2.83708402765213,2.74223025328235,2.36876415926322,2.83700750713897,2.14994575071359,2.42657768493204,2.7005613433038,3.09567314982404,3.00648025700369,2.91801807123968,3.07449413315308,3.1065260488543,2.95143187984218,3.00989264865816,3.05350237548884,3.13503013371428
"ALG10B",2.53928241220121,2.5806650505737,2.77215803837945,2.54888933794836,2.37464084482278,2.58213951222954,2.06245781793403,2.66043740011335,2.50979868887086,3.03436592954746,2.89728612633144,2.97469431358759,2.93809661985834,2.88479482516932,2.89016532511895,2.97516388530264,2.86719194061066,3.00009828025203
"GVQW3",2.79142506397109,2.50364742099739,2.76686162759228,2.65787273818623,2.62491175852369,2.5266798239102,2.32061695510233,2.32216640842396,2.55757404296616,3.16577272621307,3.13491500814854,3.05712339757711,2.96649913027764,3.01325285283401,3.03455187060956,2.87366478798903,3.01443403198094,3.09330156308157
"FNBP4",2.62681383829212,2.52545929455574,2.6234766448031,2.77321402047148,2.7955965733889,2.22216373604868,2.33142117765674,2.88857318347977,2.00243717689206,2.98468886828087,2.91100697809688,3.02216857418397,2.9970204651594,3.05201464531781,3.0628019604856,2.94323815793441,3.06709949832794,2.99674666397359
"RNASEL",2.79294757364334,2.89431023334289,2.61829528143934,2.58611835764862,3.10137744416669,2.50972446755626,2.15547789243122,2.69593904309187,2.81998529633398,3.15417050243685,3.09926305056607,2.96279127170576,3.02761198847953,3.05232215766496,2.99720586140575,3.0770269203665,3.23232398632524,3.15535596698032
"JPX",3.07187848519748,2.80015504412831,2.39421970115114,2.56370898338238,2.6720709046429,2.45567388580801,2.35562778540716,2.03434074818618,2.56369946666276,3.07312390494773,3.17120746804635,2.79540248828554,2.9411273500957,3.03485062911378,2.89192773470126,3.06008128833485,2.99734082789733,2.91787490309935
"FAM126B",2.59355360685846,2.57533968353881,2.85211512723347,2.78119434496485,2.84044530707633,2.87580364917063,1.94378183116641,2.24901383337492,2.38718219268389,2.99407405878887,3.03380655324755,3.04040572384003,2.98397094600776,3.04230533428143,3.0080488435479,3.06919139379601,3.04151915688759,3.05797890355829
"C11orf54",2.47205437797,2.75530635724821,2.90783054179263,2.72789954894397,2.75936806697179,2.46649687357884,2.01442564050031,2.68014361477112,2.70112339357219,2.90775172367774,2.85747606300861,2.86419010741633,3.06287775406025,3.12530608967886,2.95891058700623,2.85632861112473,3.05959288044527,2.8946697521774
"RAB39B",2.09345741259329,2.40870371018696,2.73270487320657,2.07798637650598,2.63501486408502,1.81728556596195,2.02040903526144,2.45699954674985,2.37251448832323,2.83009303213299,2.48951133780891,2.69581502361865,2.71046703334247,2.7080803821173,2.6736267480062,2.77531776834881,2.59553373622749,2.84232720981766
"ZNF471",2.39416097044726,2.2608533868717,2.4421276616214,2.48206968870903,1.89637997421586,2.66309500128251,2.23417417858485,1.95421306416749,1.85525859974548,2.80491036945521,2.89204221100803,2.61681852351814,2.21478102014791,2.80630157633432,2.70678889945555,2.69112027987375,2.54429347574335,2.6392518467552
"CLINT1",2.42645692230299,1.79499802579459,2.0374022544139,2.13852845672718,2.05939612109173,2.00502552115775,2.10437289449096,1.77400349638449,1.80442244842021,3.00105872992437,2.89575959629229,2.86740645736197,3.07680721870864,3.18559462716054,3.0425494385699,2.89327269487592,3.10759681932967,3.02322074849872
"ST8SIA4",2.42884373161232,2.48813911891196,2.49960253731081,2.00401843553377,2.74150387577654,2.2333463344481,1.85104898338192,2.8900259831064,2.81697584355738,2.92221098104871,2.85211113116491,2.85615747059484,2.84572407473366,3.05309256392003,2.86013348152509,2.97203970973653,2.9535770286262,2.90340680461872
"NKTR",2.24510344715097,2.19569783460213,2.7333567270247,2.6166498766776,2.36161510001587,2.08897297664022,2.15336954394375,2.06572498242189,2.10994487464743,2.91300675844681,2.94053569488174,2.28869165782261,2.83020846421735,3.07738828673323,3.06261893452656,3.11584012055215,3.02943380286047,2.55327521713831
"STOX2",1.92885047814683,1.66817450713347,1.98310816460798,2.29460163535301,2.51234902362334,2.43433892576737,1.78668542987865,2.29582586064347,2.32684592992437,2.72603947891823,2.91879265079873,2.1861154283714,2.46804471459212,2.77443096642753,2.4183818446635,2.74234107564791,2.69991536968269,2.93170026341182
"ZBTB20",2.21485187721955,2.01913824603337,1.95640575724366,2.52927874106229,2.09028673963625,1.6987296663234,2.25434823184426,1.75504779270759,1.83856336657527,2.62304908733032,2.45020011270151,1.94627983049471,2.45315985712168,2.67966948126484,2.70689629097655,2.586517128501,2.64807814132352,2.26963404445988
"METTL4",2.35058522051119,2.60907623480483,2.41592114982352,2.43723253368167,2.30411818977858,2.40172684325755,2.15605645256644,2.82597546468849,2.43656457544782,2.81942212783655,2.79057876215561,2.84365246837254,2.70734543676726,3.00274337966077,2.78396763621923,2.61450231664597,2.82447969261214,2.91344896940351
"MIR17HG",2.44606827021871,2.64406530769135,2.74280971269495,2.30737256502658,2.23519797465152,2.02173413100047,2.24850751211021,2.20549417373743,2.32511869101984,2.87452570979801,2.59577050098859,2.75702004525752,2.61264124479082,2.60378275580293,2.90789570766497,2.85276533994713,2.84066484459654,2.79023280279695
"AC027290.2",2.77883220740583,2.92206727668333,2.73283617903795,2.82926566763397,2.52652258811102,2.85538300018663,2.45589767490084,2.91390865614394,2.92825983061598,3.35572925762309,3.2665484951117,2.53887707024531,3.16562176328766,3.0154745543151,3.30229550550565,3.1505219840504,3.21737715009196,3.28445490809426
"PCCA",2.11421275162201,2.36114090326167,2.38495466210421,2.54567411824467,2.33355254003222,2.54308033731233,1.91310961475479,2.29350203362997,2.22685436524243,2.56943567740571,2.52013053690189,2.11937842325889,2.47499536042506,3.0052769132399,2.77474300073466,2.66155009831818,2.74400454389843,2.64784980782715
"TRMT13",2.81104309084574,2.75762836856853,2.90446367362672,2.67707813213211,2.74797467076168,2.23201784687702,2.81026314135109,2.80913472774031,2.93199765506924,3.24206053611577,3.24627293277131,3.01801309769067,3.25551750154827,3.22733445204786,3.14242324097775,3.16664571837638,3.11551572576594,3.12874936841367
"MIR3142HG",2.45057704407069,2.61184587403537,2.54052850381897,2.23213115982201,2.41010742119918,2.8986143013183,2.00810712578284,2.2474688153705,2.82272872054236,2.90303364113744,2.90617984516253,2.73408114563976,2.88891543675455,2.97550582963256,2.77579751445974,2.74167860210808,3.00442983997758,2.92662438774467
"PDZD2",2.39737967272554,2.88216037491059,2.76506600649584,2.80101603543132,2.56742862550182,2.98678334826044,1.96254347052607,2.08351906804659,2.55266897456822,3.01423405150494,3.08299716057969,2.91494523759706,3.09091049366868,2.98423095607736,2.9501223498008,3.05390807506286,3.17273631734584,3.15671566998995
"AL356273.3",2.21306820407909,2.46064402212544,2.73946189251663,2.47294728112893,3.02268046665128,2.55826836887475,2.73671742927638,2.2613442607578,2.35313722514685,2.45699980950059,2.54797118799428,2.30778813404296,2.67696330915969,2.29333016352287,2.17905300947293,2.29908900716773,2.15354789741192,2.13106360483918
"ERCC5",1.88893569279837,2.2916129873791,2.23548383342063,2.1916532900331,2.03120037694238,1.92930698890989,1.667858072231,1.75055248314806,1.69602052943736,2.53759948576687,2.5669965447685,1.98585413868021,2.5072882446446,2.63403420292762,2.41108071685564,2.50683243815335,2.30070654350619,2.29279323185696
"SCAF4",2.16401453235526,2.07339592946327,1.98666868587613,2.16525562464088,1.93880254741168,1.7996004494199,2.06406334463371,2.05258039652584,1.92711821226458,2.17897814196938,2.2559043291662,2.07589950482047,2.25044562688272,2.61780578214892,2.49382125636287,2.32522463491637,2.37021590410064,2.28215331337442
"GGNBP2",2.06111154089684,2.04741972971977,2.10179460726729,2.48391945414786,2.47643353551394,1.94758125688402,1.94956294624098,2.01822252719667,2.04463647176829,2.81973132556618,2.90305312130895,2.97974404786066,2.65767018488351,2.71079916167165,2.8335246603708,2.63291170011403,2.92749354241803,2.89912438101987
"MMP24OS",2.24113971167869,1.89273761969168,1.97082531540956,2.02182863263818,2.44223729793116,2.05478632345167,2.1413062389191,2.29566161319963,2.40918887679121,2.78517952530901,2.54397736131559,2.2152123242263,2.64345587292806,2.75692485818015,2.47834568186619,2.51123398084588,2.54932416396789,2.63172803451418
"UHMK1",2.53160079587553,2.54931134784186,2.44531671633305,2.52830925964614,2.17950977636804,2.22638275091211,2.32503203003727,2.1643566874552,1.96349557928006,2.74103740382214,2.61906855391868,2.05798323438214,2.54561951093722,2.65459066346843,2.80665050883723,2.71691826412677,2.74693185290787,2.50245790769808
"CDK19",2.49145447271397,2.53049679387598,2.66235204085411,2.22751282613929,2.33033868063597,2.31026042114438,2.12765143710068,2.65578823510041,1.99617539982784,2.77888349883471,2.73241074818806,2.38756657731125,2.42327185148381,2.74567964776388,2.72102632734906,2.68479001798817,2.75837865757597,2.6330442697437
"FBN1",1.84460459177672,2.00429643408223,2.08862264120733,1.90767020968323,1.98211852296472,2.06066411639892,2.2060180040209,2.02468101699107,1.9700566396437,2.38317508053728,2.36538375510023,2.03977289976649,2.04229272519064,2.22485125340266,2.32899525532283,2.2841806639572,2.45570307765841,2.44648518992402
"SGO2",2.72786949658559,2.95559532525992,2.75530550256574,2.61913407041822,2.56367628464714,2.1482856406122,2.0907626664996,2.63838273784169,2.51858196916061,3.1112827602356,3.05401768993076,3.00772636574007,2.9906750048588,3.17876944820662,3.02567803838639,3.10075416401642,2.92087369191738,2.89763386941404
"PTAR1",2.71677430932619,2.54754409727612,2.5480543215146,2.82309531258439,2.70728225992776,2.57034051534426,2.26713154712582,2.52576220639343,2.495799268244,2.85090141210025,2.92341905427502,2.76283098006694,3.03079971465683,3.16763025408133,3.0578056599429,3.01779865026688,3.05495715245658,2.78721428845756
"PIGM",2.86165945232702,2.70827862956756,2.717136363392,2.5902918192299,2.3492489173952,2.43327756659773,2.33142117765674,2.2974359055063,2.65416077018398,3.09661202511652,2.99316946599513,2.97226547952321,2.87446944580134,2.82947676473679,2.98733287317723,2.97612182197932,2.96156017427195,3.03112872480979
"KLHL28",2.83079765283632,2.94612053280734,2.89339696706288,2.88089628242058,3.03013299194814,2.61210640565882,2.61050683954582,2.28580315838152,2.43116106291908,3.10382592247839,3.12595851766625,2.92674373309242,3.10826248975667,3.05743346230591,3.18119766687233,3.19415404634229,3.17380863414928,3.03735182140969
"TAS2R14",2.53674522771453,2.7107407637565,2.91891302727897,2.83695945260484,2.89808430055963,2.03369891535735,2.11864345244262,2.68755860102278,2.59480744708447,3.01519566800204,3.08917235514243,2.83742942990563,2.62856271538969,2.84071599808195,3.06679908012893,3.13758713206254,2.98540169703857,2.99472652047087
"SLC44A5",1.84394687200251,1.86561203607826,1.69638204175668,2.00627540025377,1.9065077497312,2.09682687668261,1.96411135849241,1.76311535600781,1.85244796088848,2.62283924278842,1.82203014360743,1.60178017610706,2.46221569279531,2.66153641720505,2.71675872799086,2.57443046804073,2.5904422566941,2.16576758183662
"ANAPC5",2.74070935912344,2.78239745110009,2.98973267958483,2.97005737611917,3.00518150081692,3.17517917519431,2.72979419638804,2.85272300014396,2.76530135034588,3.33067269251615,3.28488926809219,3.15157359330623,3.35078391887978,3.29669923124869,3.26407712749517,3.23385907717028,3.32074705424669,3.2501992594189
"FREM1",1.8659049614469,1.99100784897758,2.63357954107592,2.48673316269211,2.01940872048109,2.42821020838199,2.03076299642364,2.49635215548165,1.91494141182441,2.7046871902993,2.47253092169614,2.36215480397482,2.55980209998995,2.50298585300275,2.5269857336352,2.7873430246823,2.70525206009936,2.91435116488373
"AL606834.1",2.06117031123861,1.95417434402419,2.54744193205747,2.45434489974898,2.52657842380446,2.41169577672607,2.00566837951204,2.36478531915723,2.05222702368666,2.81069007867624,2.29139049725893,2.40642292627837,2.37702127109724,2.74625299332115,2.81328517793629,2.61036084248054,2.60412067818131,2.46331353639009
"DYNC1I2",2.02995778486452,2.39465626428804,2.25348257051255,1.8183319480462,2.53346691615223,1.82795719161053,1.94969441437205,1.87013623778487,1.70504100654814,2.34273563990216,2.09860685609707,2.21791405053072,2.04958476801895,2.41651739594461,2.31330826078653,2.46910973296614,2.66972571348513,2.36341388931957
"NCSTN",2.2533167591814,2.17297739819062,2.51745762511237,2.44511909699954,2.20477613909505,2.34186281412968,2.15099144567743,2.28747347717105,2.60593423424506,2.59426619319003,2.46268659859868,2.74285906808593,2.77248808942747,2.77767367061621,2.75850125157611,2.52030607389541,2.70440522579935,2.70074775613278
"AC092070.2",2.17893130798117,2.43305424799934,2.29003654634148,2.11050089088286,2.00870738544854,1.86617131356216,1.72109349996481,1.92406186946027,1.82054334371622,2.38145753764906,2.42456849056626,2.19588835010798,2.48301886715524,2.60008202916103,2.4293101206046,2.45149151152163,2.50387050456549,2.54128610138302
"UFL1",2.02771424357595,2.26062339217105,2.67916568440351,2.77559442666372,1.90807465838601,2.11327409443817,2.90692175748485,2.1114844211277,1.88727180205069,2.88783346766573,2.87809104392955,2.80333099767556,2.92435076731095,2.92868772838859,2.92298921029458,2.84002325810029,2.8858367196945,2.84274959094967
"TRERF1",2.78959613757967,2.70048632753565,2.68194035023078,2.36422250129647,2.42788556733074,2.24643514702604,2.08252343335515,2.25451634340825,2.49946502909089,2.91371281418736,2.96362227005133,2.7272277946919,2.77753733573876,2.81337959161832,2.9230266840912,2.95922171560282,2.87238239056222,2.94010490594315
"RAD18",3.01352425416238,2.85041559999295,2.82609997457535,2.79621107325066,2.38854747954083,3.17802268267411,2.87552373589361,2.83177146669465,2.95157772426096,2.43883203128354,2.38022269875709,2.51633946471243,2.44673290228384,2.40420312539691,2.32038358473324,2.50451437902274,2.34167384097702,2.27098544949007
"GDPD1",2.60063062004449,2.83381911426044,2.89009838035688,2.68674635267889,2.4608397884627,2.27011536036058,2.19905666359758,1.91511050129043,2.38971162464562,2.9987908756868,2.97278141836966,3.03952569324875,2.891503179584,3.06851518379568,2.93046182745701,3.03465803643359,2.98072654653726,3.02937460884372
"SMIM10L2A",1.89763619258261,2.03158963644199,1.78670675520068,1.97409717345344,2.05945911469341,1.95340344798136,1.78996373546101,1.85558791854961,1.87968224388878,2.12176209257742,2.31446712615734,2.05167313936062,2.27819503823953,2.35969854466968,2.24456165512909,2.13164314816157,2.40692055777251,2.32351706945815
"TENT2",2.43836179052528,2.5188901040376,2.76814493469386,2.69925577863764,2.31216502228715,1.89207855387807,2.49357919371534,2.65952228259803,2.67982754308104,2.91087270395947,2.82197485490092,2.76766073001093,2.84638319155622,2.99166187990132,3.02837112163973,2.78093114321696,2.99440955943313,2.75054733811994
"DENND1B",2.72183678479391,2.87194534310006,2.92325759250609,2.81697563882792,2.53599170877354,2.01025278291282,2.83906104872653,2.69657277868197,2.45366085390873,2.99982921086575,2.58789324226423,2.87853643511916,2.95105619729155,3.14883228277141,2.97391502681217,2.93727696435724,3.00888286222487,3.00433778763323
"PTPDC1",2.73644555315645,2.57506613168537,2.35093904014905,2.70939056205676,2.72270339385387,2.53852376143875,2.21334665954677,2.49333939638355,2.04550797445116,2.7231749567315,2.90957861996534,2.86338068549665,2.98006918383111,2.88767167736334,2.90169968467171,2.76326156038241,3.03661709204382,2.92414949524966
"GTF3A",3.16454478990757,3.23273196891558,2.88394020690414,2.91811656267097,2.68183085997055,2.43618796326751,2.64422131853473,2.98493562852122,2.8391568146937,3.12593422426904,3.18633098664098,3.28195131147515,3.32752469257643,3.3135593208775,3.28091119179906,3.08969627051773,3.42675894408236,3.32377226692521
"ZNF616",2.59828158566797,2.41832867752445,2.19916191344776,1.82608390282468,1.72872204362761,2.05835390472512,1.56089149042216,2.42747852348442,2.04898698697188,2.52066362044522,2.26297850031778,2.2746156186624,2.33770709652818,2.51386488820019,2.32079917724911,2.44894692640837,2.49187592279063,2.5285113095101
"CRIPT",3.04660997024421,3.07632683605459,3.00575423996454,2.95065279857657,2.82948610101075,2.99889140404706,2.7448028444452,2.71569155479737,2.08462388108272,3.2345030066689,3.18439488016796,2.82437805902078,3.21426813495994,3.26160467813516,3.19667801262232,3.25818678019236,3.25993379040882,3.0895174725183
"CT66",2.04065821472526,2.06941483619598,2.43667037165493,2.31939451881176,2.31490878195499,2.17870062043767,1.922919776576,2.08534476871227,1.93934168778581,2.1399795544035,2.43472722814462,2.24713183758139,2.41342510823003,2.64346487781534,2.49800035306481,2.23472662826655,2.66312620590498,2.52373180771771
"MIR101-1",2.43089755235728,2.52782677615258,2.60257208783987,2.56887412042798,2.50081199385446,2.15498105858182,2.27391000342471,2.18556116896666,2.28411431629143,2.95274022230488,2.94635582295931,2.67623851796329,3.16683030976493,3.11858498410073,3.01339829741969,3.01818869285597,3.23489443665139,2.95701750934822
"FBXL20",2.47994345310887,2.64460227411485,2.54231402277195,2.52333461958864,2.44819316998836,1.92281210014571,2.31158507123899,2.12645982883379,2.38602041992827,2.98915190798409,2.98115268510693,2.96731877283276,3.03200048595061,3.02871995545087,2.92787749571936,2.78465368879826,3.02050931306915,2.93304644959489
"AC009951.4",3.16008245924471,3.19184213000145,2.95376213346932,2.7307268953712,2.70496246196635,2.79340651062817,2.3058281408183,2.08803607133582,2.84499096777668,3.16418722943197,3.10761590013327,2.78299684646543,3.26318452847555,3.31012559103505,3.26603704396361,3.29064350464647,3.25828343112934,3.01562548373146
"FAM133A",2.71367206296119,2.22836280378496,2.50176115187517,2.44590252771391,2.78443990825816,2.00414970931159,2.14420303387483,2.51707332371245,2.73589601649042,2.71691146170802,2.87305760304109,2.60831864295494,2.52368163205565,2.82560553369831,2.73728288004821,2.93760089031937,2.75727825659767,2.8272554507026
"CFLAR",2.61868878140983,2.84782737992776,2.94453820691414,2.94522113496738,3.12089168870322,2.38763191802795,3.1965840690563,2.14662459547689,2.89673781539954,3.27907750948085,3.20624749122082,3.09980822098814,3.26243120316613,3.28651569759794,3.20978600495609,3.22245512568321,3.31353755439128,3.10613437870489
"ZEB2",2.64887127335053,2.84954196672643,2.39103023955487,2.44860392620745,2.68510253688907,2.07919990743372,2.86718778835887,2.75311863589317,2.29991016060337,3.0131756576136,2.94559908893293,2.69665823488824,2.82044041124069,2.82564989786552,3.03498722405913,2.89612844418805,3.02387009686947,2.90379914892968
"PTK2",2.51946616990709,1.88345073245457,2.74213818231403,2.62987857723529,2.44797611449263,2.04446581514867,2.18915530938364,3.07033282122903,2.49244646696823,2.87028560347068,2.87618529731881,2.68239620802253,2.89523106653868,2.80013288100352,2.84587940061076,3.00310098397828,2.97683926172263,2.91927104501958
"HFM1",1.58701735797214,1.97740449369351,2.22608891581043,2.40941401907369,2.38323536630202,1.8088018376646,2.27965552094142,2.14450880655197,1.97520167927136,2.58530101344015,2.61290186867082,2.65438512813027,2.35889611082514,2.63519182785476,2.50903172005443,2.67953099407375,2.44795998604522,2.46477881711599
"CCNL1",2.02082787999812,2.16259322143722,2.12839635270069,2.92757147898324,2.20505463503969,2.10927864275999,2.12370592133253,2.08436502174276,2.13723430485303,2.05827077199823,2.00788008078255,2.09360580895295,2.44317430859074,2.56273062899628,2.55724293226183,2.43612878383874,2.59068656437262,2.40064257582637
"METTL14",2.17732592671858,2.40033571951749,2.5156138101001,2.27900349540285,2.50647246244711,2.22227102374628,2.15666648988848,1.93941466130072,2.66329428926892,2.87167847806506,2.77832634261511,2.81433692571257,2.76774059473044,2.84342795779162,2.6677452375496,2.73929424339126,2.86593524020471,2.87210535960814
"AK3P3",1.84476726788137,2.01082243879671,2.11923265447794,1.98483503416902,2.6245405395521,1.82899302249656,1.79146569897999,2.4419019916616,1.69602052943736,2.67808993868794,2.68738660203418,2.59406096044586,2.67325292863005,2.66297359293584,2.48681063528663,2.69810554790616,2.63509638158886,2.62299545809088
"SNHG14",2.01697012782531,2.31367859539153,2.21167169399814,2.18373295050502,1.92995040482034,2.35402216548475,2.41597359476943,2.10615599201962,2.51521867050053,2.52328367725512,2.63600089348926,2.40912613486534,2.30054636497994,2.69167061151149,2.54807701588658,2.50034113268116,2.53183980599905,2.61153407100292
"AC023389.2",1.93838328578889,2.05855063309654,1.85720312308366,1.76200303771264,2.02756846594554,1.71311422115332,2.05358508838642,1.76813519289453,1.71552749007128,2.3960553393953,2.43894085407741,2.35274468549559,2.13364933526883,2.13041661220984,2.29247197818123,2.38299310180358,2.26586861975004,2.40824012316092
"KLHL24",1.86128922901172,2.40064257582637,1.95306591166348,1.91414696166885,1.97934493380868,1.89586756626316,1.85153678100443,1.90106498082783,1.85334339361398,2.26598080476101,2.11209290556094,1.93372143211815,1.9091179353749,2.19779023592743,2.26885474408815,2.16205628247037,2.43023682544774,2.46875663851973
"LARP1B",2.02813557133439,2.21317959271563,2.6537238710455,2.22005005727553,2.13109127015251,1.74228739038994,1.93167209026683,2.71659324821512,2.45329947939086,2.94947666376875,2.82136592692257,2.84793158305062,2.68042811011999,2.88248634949917,2.72252722841699,2.76586207370483,2.63787845175481,2.82316605127176
"BMPR1B",2.30101045314044,2.33424989803644,2.47615794230778,2.32468591001745,2.23681219542313,2.36653344431,2.1634356129941,1.95140315682507,2.41689215347726,2.35652613010377,2.6507788022142,2.14300836562572,2.66455064998907,2.77199689197888,2.79670530847763,2.6988221053527,2.78034831840575,2.39848910540229
"FMNL2",2.06898545238597,1.99534485561952,2.18906419659749,2.05232128809577,2.06404229897313,2.16695930086739,2.32551824309961,2.04395687279021,2.02469555371323,2.5429206704383,2.62458077709959,2.5039445189719,2.65000924381938,2.57836586755753,2.40645884638197,2.35458812973124,2.62322026601907,2.65563347015166
"YIPF4",2.26542399335272,2.29104534866255,2.40439934402946,2.07047176525269,2.54876877623871,2.46556836377163,2.43424844030286,2.24789562193756,2.32010366379369,2.81296658878533,2.73713769741883,2.54835918565316,2.75118582456773,2.93131638062571,2.65307033841531,2.70484718175199,2.69106465432193,2.71054153194852
"FIGN",1.98173869414275,2.00787613497694,2.10554935586603,1.85508952553999,2.75656219336364,2.06752410892424,1.91571668862217,1.88304010264217,1.99684715414104,2.56546484150684,1.88999445413592,1.88628167767064,1.91601337896925,2.96803101493718,3.14353007312509,3.00501725448405,2.36825654150885,3.24958247403367
"ZNF678",2.72499857178637,2.32409454952822,2.93538845993614,2.76082558047327,2.46240444003747,2.77622213679983,2.21452242446741,2.14089315084582,2.34376766942057,2.88709064213834,2.69280456168301,2.94518048684537,2.78573676141654,2.93719352280924,2.98348325518452,2.8879155254503,2.86612560581036,2.77313910119685
"STRN",2.41888669989361,2.51597479133321,2.862011126108,2.76584022591024,2.24665191098763,2.20682573711406,2.04043062421079,2.51585649226965,2.84228597074797,3.06302173362001,3.05906120507592,2.84231151899349,2.80372218029876,2.95835086900033,2.98901599147602,3.06169326183527,2.93509195513302,2.81847429884167
"CYP3A5",2.22721860490159,1.73656937570469,2.12333875558161,2.01633157368611,1.94385233052094,2.17889498669867,2.05020459531316,2.03438688433123,2.24331232320015,2.01077983875324,2.00886045830921,2.05277826142384,1.85930806200983,1.86936252467262,1.68166289880139,1.79273501866688,1.78109528263767,1.65611739881836
"LINC01770",2.88506825862076,2.94106122602195,2.89712481168881,2.8645271005045,2.3872850545605,3.02765214835225,2.89788339505926,2.8058213468249,2.94139519673121,3.15406321503111,3.08961797497405,2.81827733560801,2.90210040643398,2.74213581038475,2.48000396544526,2.41533466385037,2.67947244264511,2.55222753068472
"XIAP",1.90116502266585,2.10074895066495,2.05904164426995,1.99454533082489,2.07293824062198,2.39314707732451,1.91990675100079,1.87542229323764,1.98438847094083,2.30630453404945,2.04319294743771,1.97602006108869,2.26511489427305,2.28885611019444,2.51382800876941,2.57173796244278,2.47371081426147,2.45336454402129
"IGSF5",2.39783252722642,2.55561028643864,2.51698057204064,2.43380126804006,2.47776901478542,2.46615044950892,2.67335312081951,2.36600824964433,2.5304216321216,2.4450245162395,2.47426132574329,2.50403785818742,2.4500805193568,2.40901123673277,1.96052913207625,1.99722916977414,2.05450121618256,2.04556319033883
"RBM43",2.90137493347065,2.99480434719828,3.03499356062414,3.11756805332392,3.1598024086107,2.71599657335078,3.00643752854879,2.82139184833044,2.78311820471611,2.80502122820648,2.68302873057041,2.58444423967569,2.72714848788065,2.28052403426423,2.43416195331552,2.49235340033082,2.69810754871707,2.39074388997845
"FENDRR",2.42699464083229,2.37404735046042,2.35957992279002,2.53766582680339,2.49333145369596,2.42009186356841,2.51464040085226,2.40027587083275,2.46012918974892,2.24026791808006,2.36074885030821,2.28338784673055,2.36839289227468,2.3097067664669,1.95829889477273,2.09437999430291,1.96346672551981,1.99714533016314
"WDR63",2.6105016424929,2.66799813842147,2.22672645894498,2.39809338792938,2.02451862121016,2.63403699182196,2.16431870998968,2.44234586417759,2.29940967016054,2.03969921595259,2.05022967546607,1.99709509633794,2.4125135520216,2.00050160998809,1.64871208367934,1.77899070044077,1.72226053508916,1.82409246900358
"MCTP2",2.26261506164863,2.10552488397281,2.22162748716234,2.39809338792938,2.34975817164065,2.73780658447764,2.68819826624976,2.05832134497777,2.16663254384952,2.55890433684921,2.63112174830181,2.37072032254335,2.5993075567169,2.76072979268234,3.29088571530231,3.25585796365771,3.09866041355918,3.00165616461728
"SGMS2",1.95732551716368,2.05051667283955,1.92035199783759,1.96239169673325,1.88022159434728,1.86023183256697,1.88278271504311,1.80927572480555,1.93700420749714,2.08819724066581,2.0408812115896,1.80918598228224,1.88375022296373,2.04688145352148,2.29000468724918,2.37335783364734,2.4606015632698,2.39040520343214
"LINC02303",2.43886209805948,2.08987674081265,2.26505336665051,2.43386187801274,2.3331260040293,2.3713954873146,2.34913396355522,2.29945187277884,2.29681154002998,2.21749782276785,2.29820784288894,2.2230215052983,2.19000415335223,2.21699303978327,1.73253839061618,1.70778494728826,1.77461208104388,1.73368883352646
"AL139339.1",1.85987733997151,1.94970972664245,1.69168244669605,1.64454805580805,1.94694154185304,1.69173291261977,1.64922041692207,1.75811339246704,1.71299673012152,2.3670503379051,2.47909937762648,1.97907489303196,1.86495511285535,1.94625474835931,2.42202277177944,2.42478076702641,2.40030128633094,2.52034882322411
"MRPL50",2.64210288512335,2.51766296389493,2.35005277197387,2.32806523181382,2.65577610176191,2.99534847400924,2.88924553586521,2.73157080516583,2.70477106078381,2.98124988262192,2.92616949468307,2.72977571024488,2.76653092273887,2.32764281812352,2.13404741156156,2.04703367130784,2.05440084223672,1.93937967961242
"ALPK1",1.90953772311534,1.68140023758885,1.7823213295666,1.72164782813275,1.95618604296926,1.93333053220909,2.07225023429954,1.8424302017604,1.91811866222131,1.78032647889409,1.84816280694556,1.91306786019181,1.89523203613956,2.00895222254185,2.45842846574815,2.42727308094198,2.55750493509006,2.41280563778648
"AC011379.2",1.95232722893569,2.04911980987819,1.77970139273974,1.83588204555136,1.71301961302033,1.73020213614743,1.86399710826062,1.7012043657933,1.74452538390388,2.48807714678512,2.18552057409717,1.7877659342716,1.81944542726418,2.14908666105403,2.1966177446728,2.2642890048479,2.13530961576433,2.1534609933854
"LINC00482",2.12166231291753,1.83178240924363,1.94308677814787,1.80739408039157,2.12962394732627,1.61950081393825,1.69021682527998,1.63065009379658,1.73563221650542,2.3579468971328,2.57820232817389,2.28232592694666,2.59109820107596,2.53032773685411,2.47872594367396,2.59676057764973,2.5795919430561,2.48841783199913
"FAM205A",2.76632122507071,2.76449902882581,2.65508960068369,2.71657108038444,2.6147501212431,2.59775712512067,2.64540077756892,2.57803877024984,2.67322578733585,2.48647574878301,2.57031743979627,2.63434443436471,2.58948810246414,2.56415327109962,1.98830403770474,2.07322864131558,1.99517224788815,1.97780560990667
"CCDC93",1.67200525854369,1.87963951055931,1.66419427249876,1.63992300937157,1.74706638309287,2.0345506381246,1.76287136571565,1.75489006695237,1.59991664970716,1.66096329004108,1.58706297756966,1.72310067067715,1.68639519259321,1.81061337911264,2.60594086964646,2.51934639533466,2.55865434206545,2.37891080613162
"NAMPT",3.10552002306789,3.08127485471772,2.89042062081446,3.14413123153496,3.21479873474209,2.90692252690539,3.01274260877653,3.09055317640276,2.84499096777668,2.95470591057015,2.99513859240263,2.95513143210829,3.18243297043205,3.17045421314786,3.50857037958209,3.27943207044688,3.30578028859131,3.21868803269202
"C15orf65",2.07581600819692,2.32863227856796,2.64112333150752,2.51756873843797,2.74397719406406,2.63295868232376,2.04718657117156,1.9333271326149,2.76013640525428,2.75184865985526,2.84574012986281,2.72366558559768,2.67630893706234,2.31980548392431,2.13632724789406,2.00407058682079,2.16418030907068,2.00660394695108
"AC118459.1",2.81251609205119,2.82821296881067,2.64839319141863,2.64747822829784,2.56917291539828,2.80340333209128,2.66947901127159,2.47641772208768,2.4726445098148,2.96861353056037,3.06255918706396,2.7809590608303,2.84957138992205,2.96464666939943,3.09920395982906,3.10330476391374,3.04737261239252,2.85453870068287
"AC021078.1",1.70009520582484,1.81830331256862,1.5572895031265,1.69344012142181,1.92993412414248,1.65778723947054,1.87384587020971,1.74590075473778,1.62582548115655,2.26842930311168,1.88738411367276,1.87390255214701,1.56741499563572,2.05749012987469,2.52034278810156,2.22702447845722,2.40685445259477,2.31552101859679
"DARS-AS1",2.01272741485577,1.98008234864853,1.86602844729361,1.96703171104801,2.00131441757492,1.89868936417973,2.13629738569104,1.857498556848,1.60310382416705,1.88313631782517,2.07612362145214,1.85135887392994,1.91777200415425,2.35574222300312,2.25707641325776,2.34475522440437,2.28793144943074,2.2810352739914
"CASZ1",2.22235449856839,2.39961491067526,2.33383501493199,2.29164598961366,2.53308909952105,2.56761358952493,2.57721417530201,2.25001290186464,2.2964794330816,2.33655790232667,2.25929358111897,2.20272111798167,2.32746203325093,2.24691696935158,2.06438554641598,2.04703367130784,1.93353638159499,1.87233707619322
"TMCO5B",2.23921715867654,2.36959294948709,2.22633835574211,1.76716830978889,2.65034570324666,2.23488171761273,2.57781816719592,2.55541076950523,1.74555187205957,2.56435280227541,2.37989982657277,2.55257676207689,2.56718180762323,2.04133796704378,1.89770898330296,2.01787274866204,1.96451766580703,1.96702211673719
"KCNQ1OT1",2.21787993801872,2.01712945489616,1.96831898401826,2.00350221595092,2.08001973515769,2.05036795681322,1.81078075574193,1.94152666005499,1.86080551268834,1.93553065499548,1.99812616545505,1.95113492338586,2.15127402365536,2.19039709637495,2.68298941664786,2.62601362493748,2.65957731105279,2.77755879671276
"SRD5A3",1.9014284201177,1.64898766392968,1.64564725102853,1.96244278335352,1.79215527766578,2.09940899936525,2.01919946311111,1.94559833986542,1.72422547628731,1.80470411235141,1.83210335376163,1.82600252412355,1.87701741967456,2.03511852608063,2.4294022554473,2.26897447965495,2.39289191320555,2.47945201963051
"RHOJ",2.43922551058459,2.58458494611991,2.65470865547652,2.71813823087613,2.49769308786341,2.33083945439023,2.38942859275432,2.49114504023898,2.85663239034923,2.83537982906988,2.83686293488107,2.54015377238905,2.49382048797428,2.36927439071031,1.87866531784092,1.89981058597567,1.90370083187314,1.83554011271974
"GJC1",2.14911235662157,2.32302326171918,2.36252515476467,2.45464469289826,2.31968180209814,2.06813731036393,3.01147846379463,2.4162825487148,2.28638173514423,2.41586491807289,2.4934892743867,2.39450728241587,2.40956798638701,2.24948144593581,1.90145043209683,1.92290988437701,2.02496711530154,1.92967436568863
"WDFY2",2.70059196992211,2.73643126525546,2.55423494894551,2.60306654489103,2.92223229756322,2.74755475546106,2.44756676630891,2.51987373156264,2.58995279833148,2.53853766700492,2.64891428835409,2.59970531714651,2.61345338694638,2.68795716569006,2.8959491683662,2.92849899904497,3.02747433955256,2.95178378363303
"CC2D2B",1.94199494774782,2.29257092369179,1.97757337904348,1.92202539987027,2.03631377524681,2.26830562924423,2.12980460117501,2.12571523470851,1.99529347350605,1.94078692903834,1.99632836170727,1.90644848611336,1.93694693707574,2.13602991092686,2.64285241740753,2.68378918798785,2.71538339642283,2.74681063605509
"KIAA1841",2.44471397221868,2.60757674940441,2.2994999353683,2.58822027232829,2.04289468630585,2.33025692271076,2.19071819961422,2.29046657524216,2.26012745423288,2.44143089143383,2.28826228086769,2.37166786211957,2.31557985152161,2.50709132142377,2.82254763292844,2.72083595147857,2.99444468019157,2.99081711727619
"MBTD1",1.81037605758545,2.06869797915975,1.82239528148613,1.7868999231693,2.00414647256755,1.86915520961186,1.93183242404321,2.05782177247657,1.72074513114958,2.10629739207442,2.20762770864428,1.82697063308671,2.31458516560059,2.25307648048218,2.84214393839416,2.95022744715836,2.94519097679295,2.6425054258996
"SPIRE2",2.47974612388368,2.56730473502041,2.82431287940247,3.0314795392393,3.05904337532542,2.60185741435242,2.56496000732763,2.74902918236869,2.42067129965484,3.02007774891475,3.07562179141532,2.63189260051073,2.74971016920315,2.49844389487087,2.46283838649776,2.5158269790511,2.50042399703482,2.45085413667457
"NXPE3",1.97563165355192,1.95805236293293,1.99428572478262,1.95103530244085,2.22634020556814,1.93905351918243,1.76229438131869,1.98939917777404,1.89371788930045,1.84598334321413,1.99922759074489,2.15930270199622,1.92367518799491,2.58810439267854,2.64076181295891,2.64601354023591,2.82884683262597,2.8517066717759
"COG2",1.9016998777244,1.96818993968114,1.87729586524761,1.93108619107442,1.78305176286242,1.94846367281668,1.87138869424713,2.03578154194276,1.88628440944486,1.86767747393391,1.8925048826049,1.88712437977685,2.04455009686291,2.03905133814901,2.40609688322818,2.51664984363142,2.38203553770502,2.54164022111124
"ZNF827",2.42434059448872,2.43767251907279,2.34505737888051,2.43702101595092,2.45786662638333,2.5768720669332,2.51252854387617,2.32181960014083,2.34883096250403,2.54324147154351,2.51030040586068,2.37932790218914,2.77996313851813,2.68935843283547,2.97342576111106,2.57919125316672,2.68738212261988,2.78038044708639
"SPACA3",2.44151295997907,2.44680937752867,2.36259724988546,2.45896069858782,2.48609237434253,2.43269061349488,2.51700199619009,2.44951224951552,2.45345515545978,2.37367855423981,2.3073507049973,2.40404831186462,2.38163278913883,2.32214304043541,2.01366592002489,2.01644711195971,2.09125705766664,2.00356445988155
"NFASC",1.58793571477362,1.6363220723464,1.56245833905437,1.56246322363156,1.7319291653869,1.53279121257004,1.63365672281638,1.62843579940651,1.47749289946353,1.60845254544889,1.72159708555481,1.55025697075548,1.72022767446834,1.75641915156371,2.09760944831267,2.29324539812284,2.17746179662402,2.08153972274078
"ZC3H11A",2.08196811285693,2.2714041610106,1.91630465729433,1.93234809394629,2.13017671636699,2.14713506322422,2.15500794510504,2.05219919537731,1.92148812674174,1.9153943128105,1.99303845770952,1.96939697490718,1.92274893637972,2.22569015401255,3.08268232470376,2.93841998545547,3.01323015929741,2.73791861220673
"JPH3",1.8832591197533,2.25322204452281,1.79941187594546,1.72890224187718,1.95356808936059,2.01176397233454,1.86960928947935,1.77907729670609,1.77181206890116,1.67435669422484,1.78442106222497,1.7787338236602,1.71238403758202,1.93668768462535,2.37023125128941,2.23687157263026,2.30387366205049,2.29852987480093
"SHANK2",2.23795829467743,2.55539088992283,2.56027278627543,2.47784386246142,2.23075606343927,2.59089539068853,2.47218802368027,2.51938665680463,2.51464393528608,2.62593907151705,2.33049615916061,2.42378010726333,2.56581794978987,2.25681502620608,2.05849591205259,2.03021493634521,1.92906189279043,2.24721297468504
"MORF4L2",2.75205618851882,2.87990961096242,2.73771855658738,2.75816222708656,2.81479341559467,2.71524851524195,2.64447537700904,2.51455430946878,2.51474466301,2.81537315047733,2.79257969424912,2.55631316130559,2.69099294110841,2.73342441267122,3.0810020955107,3.03699135861323,3.06302518619083,2.94741686597986
"ITGA4",2.18642861126043,2.0572648327958,2.08834685754866,2.08140507905037,2.16236602975713,2.19207577735372,2.21109569911862,2.07179355444849,2.11112648704717,1.95631542192255,2.04485465902382,2.06679357044313,2.06815038365114,2.05282346400727,1.73681525751027,1.6668979009193,1.63282796564991,1.65708522689429
"TRIOBP",1.5402976252161,1.67090331648256,1.67735759426087,1.73986883589225,1.74408831299964,1.86022150105552,1.84000069162301,1.83920056250443,1.54148708552753,1.61434706375348,1.75482680082847,1.53868813652372,1.74494940989394,1.99717532506647,2.95072576201886,2.94556425688214,2.94052648651607,2.9469997264956
"DDHD1",1.98237996238976,2.10252107722261,2.28775980073315,2.19886279526955,2.13699193208428,1.79791443244077,1.87138632842541,1.9768434765892,2.41765190727086,2.37386198995552,2.26604529219564,2.53611284546116,2.24067732374905,2.54556341892649,2.56040657601921,2.61785372892674,2.36736295745594,2.23832310531731
"AC079336.2",2.60510717691371,2.47179355117129,2.45190212090342,2.46805957708529,2.58811902809608,2.72619384963078,2.26500714417385,2.42296439084086,2.45926976540586,2.34301347914291,2.45876100306682,2.40826322451697,2.30926235071097,2.40816130398562,1.92902893233079,2.03532020805459,2.00515203129785,2.073834625902
"CFAP100",2.59045279631058,2.34605057809839,2.47873940243235,2.51654395418553,2.2198475311236,2.45921126293073,2.52614520235127,2.22790677296985,2.3824016506871,2.41051803830247,2.41427113453189,2.48779656745918,2.46173991924347,2.19084396664011,1.93823610133611,2.04174937885091,2.0788079184276,2.01234626322132
"VSIG1",2.8296141642356,2.86031468066599,2.67039463558096,2.58618706940215,2.52373958478913,2.706608348779,2.59065495041525,2.62353119258391,2.57901911544682,2.57265348354747,2.61295351613961,2.51772267042429,2.74860098731688,2.52660922014569,1.87355376547569,2.00097457192746,1.894755301747,1.72161283344241
"TEAD2",1.95980946718854,2.19419676338919,1.82187753346951,2.14628700770072,2.06361821524715,1.90688213177278,2.04856507983946,1.76311535600781,1.91768341736541,1.99714316183271,2.32814424105196,1.90220944680027,2.09737785673012,2.03511852608063,2.50622870434141,2.56652658614497,2.47139845049046,2.48188168916884
"RNU6-1016P",2.07696913437939,2.10762058660783,2.60866827738819,2.71560172782742,1.79410556256691,2.56216523415478,2.7989919523886,2.73084382067582,1.83386929697046,2.54935595732747,2.69840230454001,2.24310115172256,2.77543829928508,2.69254548352078,3.50273717766812,3.46737052651458,3.35774045754426,3.15876162894444
"MUC20-OT1",1.81918420687929,2.09637386338584,2.16614628751888,2.14055945417014,1.86925985808037,2.03930125831454,1.98236024654296,1.85889328585796,2.36266373129803,2.50991292650435,2.16613889438654,2.45313720015848,2.25409300346523,2.41907256947961,2.51686386785165,2.43694561863302,2.67610331268632,2.38045905635389
"ZDHHC20",1.76040832494492,2.10284756712238,1.94761641428186,1.62878059289708,1.8385206079122,1.90725564744426,2.07046833045668,1.68253284738685,1.84107059895171,1.70268014765226,1.90120828185272,1.8022668493903,1.69707142434693,2.31402214374672,2.12354204915729,2.03892425539387,2.22246053554434,2.03543458756956
"MRPL30",1.79557288559961,1.77869472056477,1.69168244669605,1.70715280503396,1.87755187778512,1.84275160199259,1.80058933123924,1.65824576420685,1.71552749007128,1.74708228519301,1.8162425210658,1.70896323474761,1.8563049036946,1.95757774479225,2.83218195807404,2.89435486278527,2.998897720676,2.87660593661742
"IFT27",2.29993564932237,2.24012348403402,2.16034583478638,2.30737256502658,2.15698160175762,2.17315014535242,2.30385876117179,2.1607727496024,2.33584279866352,2.04114904276177,1.90927464993579,2.26470185855222,2.14748254705208,2.00414683220614,1.84978594093417,1.89356297023656,1.80344280448573,1.75439797146895
"SFTA1P",2.7913116966649,2.65149881428225,2.71078197309683,2.82342492121671,3.09326944449552,2.58791819801447,3.21152343389893,2.6926037299524,2.8778845869265,3.01684393685329,3.07070926156449,2.90939755140625,3.0039518949477,2.70286229847895,2.1435021555298,2.21607299322181,2.05482729647973,2.18239387664464
"RASEF",2.0906298970016,2.15850539640029,2.22403502467591,2.34442005425079,2.04986945476686,2.55061283551023,2.02549484794733,2.15640923769692,2.3871943269061,2.47551529195352,2.33038629890637,2.25029917597249,2.30660114282986,1.93620711538535,1.68931794900013,1.88288285914093,1.82105912086866,1.66924768962638
"CCDC88C",2.48212675515101,2.69544869200954,2.53730923892342,2.69315951917371,2.21943526851021,2.01174322299126,3.00184726986643,2.10957151514372,2.8212822404584,2.91586599725449,2.548177409532,2.41373704510438,2.78144595787939,2.84532866079579,3.09978668065104,3.11266777598907,2.97764407788557,3.19309328071324
"TEX26",2.36723769407021,2.23937390478942,2.355165432754,2.47682855568405,2.28355705319275,2.35942418162793,2.41683298770675,2.414396439601,2.48425467665646,2.27010249943831,2.28558983100259,2.3066416775432,2.39635927096259,2.20384701328631,1.98354381514123,1.91394636654741,2.0672088040414,2.03805157560671
"KCNC3",1.85982089925598,2.02205953165138,1.72984813107553,1.80796979129793,1.8643894203053,1.81325869994655,2.02369465969099,1.88699839589676,1.83637580550119,1.81085600721038,1.91608066107583,1.73825204867443,1.83957065218669,2.01851204547558,2.19926715562014,2.1886933588107,2.28018013700164,2.19793582635821
"WDR38",2.84523430744587,2.95518035810943,2.877521449226,2.78014124974329,3.03658368636218,2.87706140900937,2.67477293050286,2.86133449465416,2.79195822929763,2.94168834351582,2.85775472300336,2.71565773307396,3.04828344918669,2.80360543589199,2.46579480188084,2.39267187001564,2.47645531109593,2.4691175495776
"CAND1",2.1658553552462,2.10127624460684,2.12854449785029,2.14707448109362,2.23779497150672,2.04219780321981,2.07315973215505,1.8580554163729,1.80806784942599,2.11714212524275,2.27703404017047,2.1769616301676,2.35786274877428,2.43434773378382,2.85390106074948,2.99595876648787,2.91709581944781,2.99934414604981
"UBLCP1",1.88872649649402,2.30279455740012,2.17104089513385,2.16984292578981,2.7828455011484,2.03505551668229,1.74362526096127,2.09892547688295,1.96784957596257,2.98668670485433,2.93247244715083,2.57939643960313,2.28781889036958,2.44258791891059,2.70103820145284,2.81941047798162,2.84198539284951,2.82259453843313
"C6orf52",1.97798543494033,1.89991496725601,1.91339190518666,1.95259374991935,2.07756808149477,2.13957197972085,2.22718871729315,1.98752752219514,1.96491794590887,1.88715090129717,1.96147145765773,1.80986920223293,1.95286283024661,2.04551181866368,2.27462009103106,2.40068137224346,2.34280873074357,2.31767974540029
"SMIM34B",2.25242474246007,2.17911608631135,2.16878289681427,2.14824561045843,2.25268813698043,2.54263421596113,2.20184742695345,2.22606332188225,2.31920489206352,2.2148714555336,2.21175422715745,2.16085050355346,2.08673146410262,2.30923033119164,2.51319308007337,2.61900397381208,2.70173489869222,2.65855517461642
"AC010247.1",3.24975720863744,3.24897164672253,3.01421994469257,3.07218110685299,2.98634066473493,2.89265700132841,2.89280560758072,2.54921448382279,2.97527084333954,3.06888986357915,2.95494817739665,2.6195928373724,2.63817325803968,2.65309946704961,2.22852442764329,2.32578963359644,2.31608722215102,2.2083877173299
"FCRL1",2.42182005088075,2.31069522421358,2.20891424284803,2.22528881373707,2.24852390658939,2.38971657996234,2.1367439416163,2.24429372771514,2.22407455016982,2.19270612068489,2.30342393835709,2.17125647526087,2.25112553438754,2.20989811504263,1.83141882901834,1.92504882500732,1.95548652650313,1.80719745360542
"AC017091.1",2.3583827577277,2.30147234344677,2.19421252581765,2.34828936660377,2.29513289741774,2.38305007633744,2.44450699407417,2.32375627337884,2.29977245513783,2.0787385922153,2.28180476082402,2.23400521305049,2.33501468695733,2.17208966342223,1.6583152387908,1.76274978023588,1.63362092216105,1.65740952140939
"LINC00355",2.55706153666855,2.39582673189781,2.59321630798614,2.63562903501569,2.49780547840382,2.39419417828852,2.42271848276765,2.31849212355761,2.75782717556846,2.84605116272885,2.79740442441596,2.73553582434724,2.56564274675149,2.47750455643199,1.93721593760434,1.95469288431945,1.99261219076064,1.94983819392409
"AL133410.1",2.34863978424067,2.42096012225976,2.50182483140001,2.5566692519941,2.84101824996302,2.20778230324051,2.44070056794602,2.3130667374821,2.15667878507102,2.31105082187713,2.19997600508996,1.93385170855476,2.55436389649643,2.82628692267224,2.57053433537716,2.63923308953793,2.83716114976182,2.83855287871861
"METAP2",2.86048711660794,2.9380435342957,3.19790202427405,3.3305536675244,3.25920799750461,2.74840240763196,2.13813325383216,2.72349958560188,3.00396196615242,3.30254775811555,3.34005232222435,3.19396062159596,3.31793597742801,3.36882058124696,3.47316593865912,3.40543164120905,3.39653874961643,3.2156806154478
"LINC01578",2.45263022342215,2.49814821548539,2.76603535954049,3.14257256669317,3.02149092069062,2.34287442402094,2.14516320986546,2.75910767212796,2.0744869401548,2.85443457474128,2.93473972934246,2.68513147455434,3.16825788611765,3.13241989786578,3.1366210786959,3.09429266157406,3.08558305846333,2.75796879818018
"FAM111A-DT",2.27761078797812,2.24161689931645,2.09782415140113,2.22670642440132,2.18162577082431,1.98439685666667,2.06477285223897,1.86290203295235,2.11512615590912,2.61404027826494,2.59940540024206,2.3433899128689,2.36749995183187,2.35502641606449,2.4105177669484,2.44708322620965,2.55340965735454,2.70270851328306
"GART",2.14225200384766,2.13194764438598,2.4113199379647,2.41830087869709,1.96194146394956,1.89085249694441,2.03586879522602,1.82397226799858,1.70327836701504,2.42683849771731,2.49106010147506,2.45973507729505,2.63608676478191,2.84375275321576,2.63927268782171,2.80625021921393,2.74527111296042,2.38627238693366
"TBXA2R",2.24883779457299,2.18760402543519,2.23370219080472,2.17447641023332,2.32140256964952,2.49275767101434,2.3908519998109,2.3671431801206,2.26696160205324,2.30534604461929,2.2943016666541,2.28259251798134,2.24152751492506,2.38753624939079,2.9147623543157,2.88711287396566,2.97695947221464,2.89473958894105
"BMP2K",2.54308083237593,2.48061773774652,2.6512969715495,2.51955926512236,2.7605100953285,1.97938920396435,2.36259556677196,2.11641133742174,2.41855347748612,2.72879974056055,2.69264434484644,2.49883165878664,2.58598044376403,2.77008287936232,2.7344430018032,2.92261955617752,2.74459943600254,2.69327596011762
"GNL3L",2.30110764386665,2.3898071491418,2.37589353204984,2.2363683193002,2.11699646290059,2.0443035327532,2.07327183642452,2.36458811976829,1.91640555890431,2.54741429191431,2.42128309323438,2.38965298543863,2.67073022649921,2.68869668161505,2.51811385080973,2.57157488342392,2.69716174510597,2.43866465698085
"STAT1",3.55718716780139,3.54935558764126,3.60656422427816,3.52058794463732,3.44004285421642,3.46803011269535,3.58318171756546,3.59464791055535,3.5862281507405,3.46190699464474,3.35888668927686,3.58842142017714,3.41898759578973,3.3610059715579,3.19202463076302,3.13119616297985,3.18155214980621,3.25628214496113
"STAT1",2.26955176495106,2.26719658253607,2.2354167398255,2.29440548640848,2.21145210165794,2.29499179541826,2.24305056348943,2.25314699462702,2.21167138254331,2.0350037694759,2.05467416251563,2.12219262399929,2.40521990275906,2.35272519693155,2.61599721347671,2.67717715678663,2.58289459920833,2.64961040100022
