"","GSM812988","GSM812989","GSM812990","GSM812991","GSM812992","GSM812993","GSM812994","GSM812995","GSM812996","GSM812997","GSM812998","GSM812999","GSM813000","GSM813006","GSM813007","GSM813008","GSM813009","GSM813010","GSM813011","GSM813012","GSM813013"
"STMN1",2.1990048212967,2.2270238621412,2.68848722042629,2.74884611502441,2.60754502998029,2.04502806638348,2.57944326629976,2.76277507596131,2.72723912388049,2.52713340824049,2.58934235988116,2.61988154627382,2.55724783452891,2.26395863679844,1.94141961225429,1.86140000820027,2.12411833335893,1.97110831170259,2.22014264003756,2.14390013429191,2.13280647117635
"NKX2-3",2.35684131988814,2.17392501373366,2.53126940944965,2.38175625528881,2.69627609063362,2.91520517508548,2.01884564947164,2.66656982462707,2.83749422146765,2.6482804348634,2.71577500760601,2.44817810141685,2.68190325487211,2.89759573019512,2.8807636813683,2.70434258413191,3.23208033899208,3.14502948257298,2.77822266679105,2.77616590679434,3.04808444354761
"ZNF483",2.34033666116552,2.0764020934587,2.84333187186293,2.70902346974958,2.57616002802498,2.35508535175314,2.50671262546496,2.62364051604712,2.50198681944149,2.76412976856822,2.9217556459921,2.8856948116898,2.7835563927919,2.98700736862242,2.895563213675,3.14620325024038,2.64449198962875,3.1828564185746,3.03673699448804,3.0049171520887,3.0150227421179
"CNNM2",2.21500507820117,2.14336370239604,2.13495787337704,2.5246547285768,1.99771404297789,2.22307249173423,2.27899755033224,2.74767676902521,1.89427258830505,2.09784740617573,1.9531210554433,2.28366846377527,2.30701372717485,2.09550825635815,1.93029187809285,1.73441785475882,1.92521141596755,1.87197805727779,1.98716221533044,2.00939518962595,1.9768867240739
"SLC1A6",1.87215304582434,1.88745157443697,2.40953404438771,2.29175559876081,2.7950331557592,2.9062941583861,2.10543269160647,2.96264637147843,2.63250228541518,2.63848538110987,2.72043629925857,2.41994791172871,1.80648780790536,2.57627832241544,2.98021929219412,2.48532403148644,2.8324179478681,2.89369692378393,2.850576422114,3.02767178559229,2.90503390319349
"CDC42-IT1",2.70504808641301,2.82883200977028,2.47847745173026,2.62520899231105,2.77379973397204,2.55712086043992,2.36275124646138,2.03207156568453,2.27266971803583,2.81317721037079,2.71733995146142,2.37419595564616,2.94181583720675,3.07793700076934,2.73376929982041,2.98362826649912,2.64584711953739,3.08092008719143,3.14113830328607,2.94756554798252,2.69898141545231
"LINC01122",1.94877837028704,2.06199802728986,2.46080021802526,2.21167511999679,2.23055073106991,2.48044299176812,2.21128419219976,2.43578192225309,1.97084261326476,2.88119375801575,2.89718019906164,2.32238997189689,2.89707697542825,2.75945116181672,2.92355463777355,2.93400292775156,2.30645270023689,2.85092440861802,2.81669349402272,2.70105994366974,2.72351793390874
"CEP128",1.81861949854425,2.15469045779736,2.63070413808499,2.22380989398792,2.01433529508543,2.05503214416715,2.01958699235664,2.06007782871167,1.97084261326476,2.82102849792098,2.57015978749419,2.76686501904422,2.67196541669589,2.48287151052973,2.7671825084221,2.85898754555935,2.399166170871,2.72467864518396,2.77111502008894,2.65314831926557,2.58057219848983
"SNHG14",1.88190302601968,2.10891146530869,2.1882445555874,2.01033013468372,1.78292306236625,2.66523152767086,1.88324347677654,2.32876352358385,2.55191807054654,2.16108180484731,2.1336628144626,2.02787981777408,1.92686781142774,1.78539528889315,1.69117366945048,1.7039897035732,1.85578523460077,1.899229392109,1.84566065522672,1.85391622692314,1.82311875662586
"TRHDE-AS1",2.33541551007359,2.46978623416228,2.250637536936,2.24816227397708,2.2556149356911,2.33796421937708,2.3537907502534,2.18123870165604,2.09620314537723,2.29682475225301,2.26115015830851,2.28959547135782,2.2889305061861,2.53998559520876,2.4282520230579,2.85938937278753,2.28885522450476,2.75318261892362,2.52879258181787,2.63182207452507,2.65982594043412
"TRHDE-AS1",1.85993934271939,1.95368988209088,2.01820543205002,1.88809287906261,2.02657558331508,2.0686426099143,1.74566717184685,1.78764935398524,2.08293314327318,2.09901471850459,1.9987547776184,2.158424284309,2.04773799313633,2.67111353397925,2.56168832293111,2.92953026667004,2.01416780185976,2.84189202793116,2.44894296308131,2.73988611332542,2.69214126438086
"VWDE",1.87771048852716,2.1536568443186,2.1460487587444,2.02280029036858,1.84375918407007,2.91722932467745,1.88198718317987,1.85504167075205,1.85079782324099,2.76320588546332,2.69951498724831,2.37118747765593,2.43299093248997,2.80647894028041,2.73050475465673,2.47009950017174,2.43539443711243,2.52535680625976,2.22621903695295,2.86306563339575,2.96485659900914
"PCDH9",1.75459636899102,1.85000886406131,2.09456545324075,1.97630314026322,2.08133758204164,1.6820509561837,1.60245212915159,1.92425041987814,1.9698574092243,1.87362778143388,2.0655833402761,1.70453957525615,1.806661437393,1.86852083795012,2.7423503463938,2.84956398414021,2.29595042941945,2.39622827855307,1.99582638352678,2.24944989216712,2.16028257740144
"TRIM24",1.89858450724419,1.96147997765289,2.51905798970683,2.24160500205485,2.46995316159102,2.04464206672552,1.91634134960539,2.02146657963711,2.43067065394196,2.70173290290562,2.74353844908333,2.54813498358579,2.77092416564666,2.69392625049239,2.56590493421472,2.563812687155,2.44704010179818,2.60487952849714,2.73716820645658,2.62421508884011,2.75977369492049
"CCN1",2.64482950740455,2.64704597978251,2.2376334652469,2.56306243578142,2.12636136484385,2.68682253439412,2.78826996246251,2.48635655058579,2.19135229497672,2.39557916997921,2.18346301191616,2.44606906446602,2.31458516560059,1.9578436690251,2.12379198815081,2.38706305126358,2.00011793549904,1.99815144521019,2.0138134663983,2.29688493973793,2.24053079368277
"EMP1",3.18190511489807,3.26242834663528,3.32947984773452,3.09045527973646,3.29411533116255,3.26713124741668,3.04802461439974,3.27919149562364,3.15932256439889,3.26750538579665,3.27312002671559,3.37569576042073,3.00717881341729,2.9478714667691,2.94593800208319,3.23743752286972,2.76866941229283,2.91783767705555,3.05203969402438,2.69059432045875,2.90677767625768
"GJA1",3.20235393125872,3.30700454371899,2.34339474559384,2.02380570733972,2.11464221027668,3.26971602010377,3.32891686696743,3.05792537350209,2.99728572262208,1.92458260400513,2.05909322883177,2.20896885067859,1.88304831638391,1.97753418181949,1.84030007169641,2.03302930132316,1.81523643767588,2.0359335281231,2.04106771708669,2.06175477297431,2.06178967419598
"FAH",3.16200970181402,3.25995788685743,3.22005655993776,3.271557897158,3.31035655444392,3.35579253321146,3.33912526737082,3.45563772391301,3.42622690862416,2.89466005235952,3.02989543285562,2.95064794665672,3.04388760077418,2.96264970268158,2.61730059891742,2.94210345463856,2.9360125806757,2.98587107516514,2.93819807938226,3.10772150949099,2.95821591775003
"IFIT1",2.26552031069694,2.29765922593946,2.54075091582168,2.36964850161493,2.50373009567001,2.50509036749822,3.0252710547545,2.651451283894,3.00199044712625,2.70178013578146,2.78529609606365,2.70763389445165,2.68860202503636,2.79125042459616,3.07435591855305,2.93041621940377,3.12003237523167,3.09200475633487,2.66892763352953,2.68477094608611,2.86592574105499
"PDE4B",3.26378636490312,3.31121565222275,3.40570923702091,3.16344527428872,3.52443408381629,3.44935337383576,3.32194165615701,3.56344407790741,3.56182185930565,3.25589572069909,3.3337440108209,3.43415140902267,3.28286884289552,3.00102431043759,3.11956484637464,2.85875049255411,3.069035823076,2.92981693570335,3.11677627865935,3.18957267791244,3.00385459629581
"ZNF217",2.32885886258536,2.64535281525709,2.89571113317527,2.85591516942421,3.00584009530745,3.04547407504278,2.99975652466804,2.72131403170925,2.94969684193795,3.13371755184564,3.03277670562454,2.99781681371971,3.09560243528241,3.12942563060565,3.25492278404547,3.25827920938278,3.19076481053191,3.20073566077631,3.15204530969101,3.04459975432301,3.16997581547276
"CXADR",2.91403403464036,2.36843228630547,2.42311100098272,2.24554342734373,2.37472652379264,2.9395523229337,3.09165735650793,2.61302072583038,2.57631920308857,2.36937797888902,2.3643564320732,2.54549052076387,2.16325203610238,2.39586209441861,2.06565433540131,2.37278135961214,2.27286973990421,2.22040518358229,2.40975967580866,2.10269239286475,2.30478028082056
"KDM6A",1.82793809284372,2.22658713605082,1.95142180819999,2.14288325841421,1.99695667322256,1.88631758057624,1.82623810287305,2.32876352358385,2.0069302651746,2.14615305861508,2.15817898135216,1.93755456583059,2.13719035936233,2.12805480202298,2.08913573666683,2.69092211801896,2.32729186208558,2.14594966688249,2.42429140936217,2.4032565407276,2.44143487545161
"TOPORS",2.70139247001378,2.89447050482969,2.96443171861588,2.72635605190446,2.91344552263567,2.24224609413097,2.49367653595855,2.76910693099249,2.69288377095546,2.95428882605725,2.7347369295749,2.92608616747882,2.91276998868636,3.16096099729146,2.93794827658039,3.07532023302477,2.93351711987054,3.01152712588599,2.9500680247193,3.04108734784179,3.1636315636017
"GNG11",2.40062590943952,2.40341498426029,3.09928847062292,3.01452080059979,2.92753393342631,2.98591405287962,2.77601447502001,2.78758792617384,3.24642693793304,3.05911711635974,3.03356818882265,2.92521597432853,2.89635129658174,2.83837195118904,2.31518449453089,2.7871536781407,2.34138777277172,2.47300185117378,2.44832402201795,2.23268868955151,2.36165131112403
"LOX",2.27443671254645,2.43925211112687,2.53910594234687,2.31914302672619,2.59145323019226,2.02435904423101,2.10146250010011,1.97656196975284,1.95682576078036,1.99236746532687,2.21454293975978,2.20814857945974,2.25828825596743,2.23191865235965,1.81261281492257,1.77508004845764,1.72770180164432,1.93333544271989,1.90491525236736,1.8650945212062,1.84751151832896
"MLF1",2.59471359015512,2.64527579551645,2.98846056316131,2.83352445797633,3.19977802083125,2.10202179444574,2.22458550496146,2.80167458086774,3.05909772941076,2.64507677038046,2.77524611931398,2.74984594194007,2.61268488193462,2.55626778531101,2.13013683970257,2.33015421671608,2.09223281360752,1.82995141741777,2.56252305835998,2.59839450679128,2.25978468468298
"FPGT",2.58861438540383,2.55527749743778,2.5041161872556,2.02574004148645,2.4399459460073,2.40348424670687,1.81279268989794,1.8272820795967,2.61718397495819,2.49592689608765,2.4423283454828,2.4802423696952,2.43806099025831,2.67522812205225,2.90441974118806,2.24812552873099,2.70552169471369,2.74359984263958,2.67967691190906,2.56678325609703,2.68089974461862
"PCDH17",2.75952232128985,2.33050419039152,2.63240991842404,2.50156958691929,3.04760486846175,2.85582549173284,2.33491575056545,2.81317823671649,2.2407963684704,2.73407832675137,2.64570857464587,2.53130709351904,2.57537090872636,2.82414136146232,3.08148944587076,2.94934835106937,3.04005409173636,2.8972541746835,2.95181977107451,2.99106047269649,2.84495020637655
"ASPA",2.2692022491373,2.00957004533518,1.94981690798498,2.1599262186787,1.89032022027522,2.68746521349124,2.1634356129941,2.00837142858361,2.02151135264477,1.89744374410543,1.98503111377233,2.13486392952744,1.78989114125858,2.30222018675582,2.09953894365597,2.31124966248995,2.29725745907948,2.58134088190401,2.38219660565556,2.66506617195839,2.36710067478756
"SELP",3.06288776749214,2.89167775995368,3.02570638299135,2.89943223719174,3.05372287476357,2.55040376021103,2.33492604484155,3.21748076169111,2.95737325434691,2.89099273160944,2.97245647376509,2.7625301776958,2.81581251139295,3.26978811891861,3.05661994208454,3.17790551727974,3.14394452872528,3.22671459236425,3.19579829136795,3.12303773577459,3.14848512392451
"HPGDS",3.19402904048505,3.2049163325375,2.85706394565162,2.6903815585322,2.73305058336649,2.80696204331784,2.97490150181711,2.61201484737041,2.47499613890573,2.53077418426327,2.50318740892459,2.61244073284026,2.52797186332306,2.38834799066018,1.81060268608822,1.92468976837741,2.23751354738876,2.32362658942854,2.35235684180685,2.52227876694978,2.4712824227602
"SCN9A",1.83955130344427,1.88895906480324,1.82218559348726,2.14457700101028,1.88826436511885,1.94747615359636,1.79146569897999,2.85329468231089,2.50322914173293,2.96724996438352,2.68176520679456,2.91261614414094,2.33922462826631,2.79768580183034,2.46191982565451,2.72848783932134,2.4162468723731,2.77442717100026,2.64700106640964,2.87024377474509,2.77259175590694
"CSRP2",3.40601427214165,3.43384892851882,2.65365142377287,2.73103201139487,2.35690891194691,2.72868177886501,2.75416362200939,2.53610065763041,2.47076616835386,2.48112117733906,2.32462399127475,2.55710321064716,2.46777168682017,2.17844503674677,2.14144685157854,2.71781392831043,2.14943302482914,2.071848802898,2.38549730300366,2.25376966951898,2.33614082540991
"RNF125",3.07420090377558,3.12448480450014,2.75876687170375,2.85197945451424,3.07515316787446,3.03273439636836,2.94877575432024,2.93915227796087,3.05783615232776,2.63428982917423,2.71285260352268,2.52516534162524,2.67563146212601,2.32265704876989,2.01369700247678,2.98400869231253,2.30327575306381,2.5723850006025,2.6573480071073,2.53172205230633,2.47289478799519
"EZR",2.9951530679765,3.03044944114052,3.03948726628848,3.19587087411378,3.08330222531327,2.71572361881596,3.00900294128303,3.15284862559037,3.16173518386944,2.7875346448315,2.76163122334545,2.93763327891576,2.75259468145669,2.65491231218067,2.60626454538726,1.96656778998122,2.68915264685592,2.51253537026181,2.72604711062688,2.76752302183521,2.65267188222602
"GOLGA8A",2.70504808641301,2.32967243375681,2.50803356876068,2.8400095570669,2.89316453052522,2.57662105527899,2.48057612117184,2.26464601761518,2.78709473739053,2.81078795209034,2.93476369172325,2.59676653990855,3.20326349944583,2.99054104700542,3.08153000836348,3.04210988098912,2.74360759742926,2.75152392146975,3.18082814219477,2.93720764982152,2.89681142629214
"FERMT2",2.61011157386384,2.60396857544551,1.83697641321142,1.93490217516656,2.07756808149477,2.81034602972272,2.79278207075324,2.46825068988913,2.1767405191906,1.72504832207326,1.78010974582071,2.06211929359512,2.04229272519064,1.89108511177036,1.90278905580945,1.79765716858396,2.00594246843113,1.69129384461581,2.11101661819775,1.78836498327482,1.8697600913495
"ANXA3",1.65485389840618,1.81138347971275,2.67400815650338,2.49618365217139,1.94976425194415,2.63473242024192,2.0873358785003,2.48763374985298,2.47271468564747,2.38796381420012,2.48572357962802,2.4931187783808,2.16289769885667,2.42604786442881,3.36536863623788,3.05537962431446,2.83624409883346,2.54441762694156,2.51154621898281,2.66990572505803,2.56220236406926
"SPP1",2.6921941697378,2.82953136078684,2.80082495546544,2.85237145190509,2.55243732559604,2.49517963958723,2.64540077756892,2.78360563086189,2.87069179202716,2.47904141500667,2.50818167445601,3.04639082590197,2.44871360000934,2.42314623899776,2.12013824109678,2.12172198264661,2.16878097169619,2.5254871079717,2.63279912265361,2.36528939960897,2.18860443216906
"KMO",2.13073454454092,2.02534849148142,2.28417237066584,2.15076729274641,2.18428823001384,1.87960030455653,2.2189934499319,2.08131951412473,1.97921467654652,2.28163386515082,2.03779651998998,2.2807485032829,1.93818716200242,2.31912568082832,2.58463400975554,2.67972059431645,2.57414923373542,2.4131407320014,2.30766574887223,2.32810516793318,2.17444988409685
"PDE4B",2.9372701837344,2.70378843002267,2.77240827594248,2.18798685792352,2.77739804204923,2.80598989918491,2.4175455172165,3.07630938945947,2.88894231490486,2.48170967911815,2.38043245766707,2.69642499871356,2.39936553686269,2.21640767994146,2.11774989063216,1.69127106124568,2.46229658749426,2.50458912307966,2.2321925723334,2.65233894814307,2.33775903846645
"FCER1A",2.78855897336966,2.48175797830529,2.96531201905645,2.95447011722902,2.81019115006737,3.01372701248456,2.65854329301941,3.13277160157921,3.17536778830331,2.35540621293029,2.01526169202551,2.2049454334866,2.66575339972541,2.93245449408273,3.14464698670794,2.90198402328717,3.19305573673491,3.27824485515224,2.93366459769728,2.97734349228088,3.10403886353556
"MEG3",2.39641380195314,2.31489631421058,2.34090830343257,2.44399458880675,2.98111102702438,2.48793416358963,2.34871880766115,2.38644953782286,2.72534766038855,2.90679518222144,3.03225021962666,2.51605978914902,2.77747736956034,2.78313266641757,3.31665407236631,2.94975640939065,2.70431292246419,3.13723020551685,2.99926024883099,2.93721650267871,2.80427147539349
"AL512380.2",2.6876163773319,2.75267067520895,2.58022678451198,2.6885874791487,2.93230367948976,2.68973727068751,2.49900163959874,2.68430371793596,2.62588812056844,2.72854095218143,2.8538523682722,2.75256192798537,2.96258048610235,2.62158328492442,2.27443253780553,2.18904141750183,2.14273331145759,2.39991699993229,2.80352815209674,2.43173312980821,2.38519880672751
"PPP2R2B",1.88074468140095,2.09551872098668,2.6127044592513,2.37079703003098,1.90516487004763,2.40221736353146,2.85630450524707,2.68008126138077,2.52865407768568,2.33238312960146,2.3872136311402,2.55598249704274,2.04765878281789,2.62407304671784,2.76783507089159,2.82670141757038,2.45910212192763,2.82524100395541,2.65642635066521,2.77715771829809,2.51981084375792
"LOX",3.04509011738089,3.12479428842542,3.04363759909544,3.03156317153535,2.53001579088269,3.00872531051068,1.93603331721354,3.01358981878134,3.10369938469382,2.76102330893104,2.88134472446817,2.78829189089776,2.91368141574114,2.95638865716423,1.94895362925822,1.84031135263798,1.94350992639141,1.97040642317169,1.87488586543069,1.89254607086705,1.88124995619336
"CAMSAP2",2.21127359985325,2.25311521829308,1.86395232242498,2.12567721804022,1.95547239136156,2.33024028368839,2.50649429710085,1.76311535600781,1.99684715414104,2.09175161792093,2.11024195565457,2.0345541595074,1.80231317799351,1.81384028279572,1.79926887523064,1.63275167001786,1.8501053066602,1.99633920945165,1.81251342232584,1.88597607655701,1.72718029827912
"RMI1",2.94927083495736,2.69055521216421,2.77497656062954,2.59387457712942,2.23446759801456,2.72366558559768,2.46932597692859,2.80564369566744,2.14523496086383,3.01718879705939,2.94636798886888,3.08207851260447,2.93747547180212,2.9591124479083,3.1535602192009,3.07585211081363,3.11357915834236,3.04667614354567,2.90987503947141,2.95000940360822,3.06533482982155
"AP1AR",2.26573362622119,2.24264244051633,2.3538124822873,2.73092792279551,1.83742781512549,2.16248816987318,1.98067281344212,2.07132128260915,2.55356104121196,2.61440125103125,2.61043337037751,2.53869980594616,2.61680817476794,2.67231082704391,2.89922745827221,2.32949793067522,2.52652859743741,2.64551398997128,2.66133734233086,2.6907788972993,2.73286005154156
"FAT4",2.23441547979951,2.07242381020951,2.26485285843335,2.35457176897626,2.04476410133207,2.01816661106886,2.17728701326176,2.14950879098304,2.60539097572399,2.58691626940844,2.45917794431736,2.60950795277142,2.69707008951499,2.72084579912247,2.46731496040807,2.62326405265393,2.43955266317486,2.53258776655328,2.56431523983499,2.71170986320943,2.72786644776063
"PCDH9",2.01172605089528,2.01927776023859,2.22165532505434,2.40562374483655,2.45481469715165,2.69430411383204,2.57126347748581,2.69372267600512,2.5543894390246,2.4402349232676,2.36329445101159,2.27791781659586,2.47689697338533,2.67572900561295,2.80495578747836,2.8672945567506,2.58227297580923,2.82641669393928,2.71875155322716,2.56898912370203,2.53967597886865
"TRHDE",2.0128385949067,1.82477844169189,1.88794047321019,1.78039535623108,1.93891656248843,1.9628169932136,1.94021562271178,1.81333628523993,1.84319356121564,1.71997982491231,1.77379804637849,1.81926188298329,2.04060105746376,2.60577853053074,2.04860413758267,2.02850691695071,2.26127866006085,2.8170167888657,2.51374035318843,2.64538740362306,2.60068556279852
"PRR16",2.17018947129081,1.82411121130861,2.43947447247316,1.70206970824947,1.92072890166359,2.36357088238267,1.69021682527998,1.94047612135372,2.89290311604578,2.72171453440998,2.54123901103678,2.17453713087832,2.39242761299182,2.9073246853234,2.79857688314895,2.93891580994321,2.84538647426762,2.71576402724909,2.84842864858749,2.80712737049519,2.84678593725127
"ABI3BP",2.06091274111319,2.06488388602165,1.9350406453182,1.75685164949618,1.8952708196405,2.01255830465385,2.0152734689662,1.91231300513716,1.77998498353069,2.02706980924547,2.52128923941446,1.946323629596,2.05062846097703,2.46518383380405,2.8247189819119,2.88149332581924,2.60582498271272,2.68884637402323,2.26687827069967,2.26615116531386,2.7402482438965
"PCIF1",2.83660101220412,2.79641688672678,3.12645272511314,3.26933422524648,3.13495885876962,2.82248685744125,3.0473963457571,3.10118478906449,3.0353671927374,2.97404411092881,2.86107558777571,2.93391457688744,3.00160284515842,2.81447105767101,2.6198730970779,2.50739532305207,2.34569640886156,2.63861025776727,2.8418904181382,2.82795759796452,2.67651746577175
"CCPG1",1.91769716394782,2.10582287644976,2.25716695200131,1.91996317686774,2.43733854727502,2.3903760358032,1.92274551175916,2.79547729934076,2.38450493015875,2.49016575977962,2.27250818760135,2.30833378727598,2.36761456978371,2.36363703862843,2.89083207328321,2.58282573046033,2.61359529982459,2.61967264886312,2.49636366105969,2.36091399734724,2.46195569950486
"SLC25A37",2.62511522178038,2.51210954423127,2.77119722978148,2.8052206286519,2.8204436790512,2.83685788670527,2.24619432755152,2.03442174959947,2.37718401058965,2.8690740524603,2.90770731450181,2.68249329521751,3.08624554186547,2.86782432743718,3.03371089509416,2.96237078031242,2.73472154103702,2.82553735674556,2.98988342035394,2.9799528893929,3.02757165056572
"SRR",2.10450843095157,2.17170482999671,2.51639594805604,2.34192029804003,2.63345353068642,2.11573510385224,2.20795343107029,2.11985248500681,2.85784547492506,2.51839665375416,2.27004357700301,2.63846221171008,2.32134368504482,2.04018616112472,2.06735028669871,1.97837650447228,2.07759029792316,2.02518191763247,2.10307996141612,2.23302506802515,2.24304233511511
"ABI3BP",2.33541236567512,2.34795416645909,2.94517636577367,2.98355840752181,2.39122028267805,2.08914658668242,2.20289911427345,3.21981764527047,2.96366129226672,2.8977159524346,3.12397353919514,2.82083760022534,2.7686901587981,3.07837175670963,3.15305169583606,3.18347508083754,2.75763412838414,3.2284505446976,2.99526669618637,3.03835856622752,3.12890621823872
"C1QTNF4",3.22634637163776,3.25291213585842,3.12707755354111,2.81405364890352,2.92912497019126,2.90624123672341,3.09057756485002,3.13034576800038,3.13830809367294,3.06522831223545,2.93293366990787,2.89985659198924,3.13161812723608,2.7765773671101,2.51765288659985,2.96136365685145,2.48527018320498,2.72834808220859,2.65081555794465,2.88272305558701,2.95576789859496
"YIPF5",2.54205841154219,2.67907265304587,2.78427070394329,2.59999517756696,2.41924681732822,2.83769544025959,2.12622092638515,2.61047211342772,1.98613820825517,2.88997070964157,2.80834077025724,2.82428945475783,2.82881271952455,3.02244540573972,2.82977042250322,3.04518170327213,2.92646252525883,3.01725312619678,2.93527944680597,2.78203106625917,2.92135768121639
"ZNRF3",2.54737455828075,1.97139051669963,2.69642477614196,2.52894907048738,1.95994445487975,2.68752164984455,2.30730814985695,2.40447727902548,2.6254117122525,2.83406434544255,2.8009454443722,2.65047943786383,2.61802223510738,2.72535616836876,2.99460705732585,2.50338155801463,2.75591241329722,3.07156996535901,2.72416652767412,2.76580416571974,2.82097888736626
"KBTBD6",1.89431683082568,2.15948322988007,2.08842284748386,1.77549350414877,1.90651044347417,2.44675010295177,2.05272818921654,1.87986374842051,2.34919540554022,2.61146844452112,2.4500353722716,2.65867421367738,2.57136809601953,2.57052850658301,2.68856532436109,2.66120757541935,2.45728171346764,2.81980815490773,2.45451125447508,2.43700662948774,2.66074497202869
"NHSL1",2.33256730876933,2.32418011448537,2.49938644708032,2.40813521117199,2.75219152652814,2.86707092722883,2.25751818854434,2.6882419152467,2.51717665415064,2.80595709800447,2.7787338236602,2.69626807720697,2.47663209591688,2.49710136055116,2.278955934152,2.04984611047726,2.08565137679531,2.1391672374311,2.27889380490623,2.50638816742755,2.37181949991031
"PURA",3.09143276275847,2.85403196352393,2.79535157298778,2.41530166862094,2.85641148445788,2.61283182325902,2.65250553951428,2.41290181264265,2.87844207075717,3.11081388987846,3.12693272578949,3.032723289983,3.0646583612538,3.06977158477849,3.30087724437031,3.33837577738349,3.05292012324094,3.06559798761467,3.06201685705702,3.05911971280634,3.05569231960782
"PCDH17",2.14856907439637,2.19461062765383,2.62918383607265,2.18707504915749,2.93495481048209,2.05415595607862,2.00451793144777,2.89468546574397,1.94542791689652,2.77131303394582,2.5136554712391,2.60412471188894,2.22876698337902,3.05302268620933,3.09041090224284,2.44384796447063,3.101965841161,2.18340203055904,2.86684409866204,3.09604084332166,3.03191476230787
"ITGA2",2.2533167591814,2.37757495468407,2.47740508060691,2.36164850409388,2.9266372904204,1.89681743122558,2.20009406048734,1.98266800209357,1.98081792475644,2.85603353544202,2.75627609557993,2.72433048618282,2.43055130389751,2.78770576497756,2.60626454538726,2.69913670920207,2.79959858452819,2.70438441932809,2.78439593379776,2.70102866139709,2.60965899990718
"CD274",2.48657357147901,2.54313405072242,2.1578372975868,2.28253173125803,2.01810356926842,2.65321047157175,2.20851413843687,2.12356489306187,2.09161623155614,2.73406206382622,2.57541665603656,2.50407117399266,2.35405969640806,2.57008277694816,2.5511972975501,2.9552184931954,2.62330994524056,2.66866922319211,2.55419442019192,2.56604892211417,2.99500776281563
"FOSL2",2.81658414295585,2.92903423636364,3.07988767948911,3.04726807623531,3.28685084496138,3.01993439909037,2.99064578205181,3.36793950410663,3.40537499911212,2.86747387032524,2.91547041988326,2.98953723798397,2.92659839229752,2.71586416500992,2.89768246157749,2.53408501613545,2.32768765156547,2.70465797832608,2.80527057765595,2.83797370967436,2.77724210974508
"C2orf88",2.28052433120399,2.22538692259271,2.77642176720618,2.54724794629835,2.72977679767162,2.30136756761281,2.30488685288155,2.39259851482693,2.86516323030949,2.61020679719643,2.64985569664063,2.5356299793661,2.49932572168584,2.87466970415889,3.00539244187084,2.83016079127743,2.97359621484336,3.01560942816108,2.70411656455191,2.7918676113417,2.86469071484985
"C16orf72",2.5847090450298,2.70434833931022,2.45692939059195,2.28487032123602,2.91985547017373,2.6254117122525,2.11571013837739,2.73100615292409,2.15215453240845,2.77184713429928,2.63813571530365,2.71418747893821,2.7151026360576,2.82869209887625,3.05446526991464,3.10199810277926,2.8135901529218,3.07754022502806,2.78926538634475,2.78911010535189,2.88875610526261
"XIRP2",2.12480189649392,1.99618769523552,1.94160778572887,1.90010708638818,1.58185302975019,2.0024051307529,2.37944407968393,2.04808514124898,2.59155041106403,2.31663177332176,2.23296277026576,2.2166041713109,2.22795543133755,2.5798764618556,2.75257134736049,2.3896623458475,2.6163508740588,2.97280990267105,2.32221314326559,2.09246624736414,2.51696065989882
"ST6GAL2",2.58003329725317,1.77519680585213,3.02925197231686,2.51974090929989,2.56917291539828,3.0192256219423,2.6180885041125,3.1597368672985,2.80691070970382,3.04825571910917,3.04236575131233,2.85461190350297,3.04263680876182,3.20671510691081,3.09807791149407,3.18775128072244,3.12246665214132,3.17789834357912,3.14142821301392,2.97779553757693,3.0717896080497
"PCDH17",1.98354345032983,2.06780768676653,2.26296377216002,2.31254465354023,2.86314831892551,2.29896324326486,2.32394386219877,2.73362961961351,1.97688012708376,2.71232042060886,2.66889042892325,2.29551909355746,2.24212747392815,2.97265019955102,3.11808923681077,3.13630033912328,2.66839147689582,2.73332960848685,2.89929804163578,2.93095339452961,2.88163408162586
"NCBP3",2.79686081219087,2.80187382371978,2.84389623483707,2.84433523211937,2.87523138083501,2.31485456097959,3.00278747758626,2.94000508439124,2.91025967968772,2.98798802632422,2.96036064922274,2.98775433702982,2.77504906611861,2.7222023806527,2.24893401154546,2.34619642060197,2.18404030142251,2.53819942575303,2.65864039935749,2.72909307949118,2.63819341947619
"PRTG",2.09345741259329,2.22570310856406,2.28753789753965,2.02249636252696,2.77227397662139,2.53794308440917,2.74872140989795,2.49739393310092,2.76490088212287,2.4989633573794,2.93350843312636,2.5510601893406,2.79859637458655,2.43144137461928,2.06271200440165,2.14523202566572,2.37730369293813,2.06644641781124,2.29875302597156,1.93787842947631,2.1015028410821
"MFSD4A",2.03731579675583,1.92495992407045,2.4380130693802,2.16690018807021,2.84795342467416,2.17870062043767,2.1368236574871,2.08534476871227,1.85574298333322,2.67424662688186,2.54447475268872,2.29971356006424,2.60013056859621,2.56163725085796,2.58909638588174,2.96547290593048,2.77570419031941,2.38006473598685,2.7426724139268,2.54708528418961,2.64365096623626
"KBTBD7",2.11917321377731,2.26037198167496,2.4768078224067,2.26717590339172,2.43453482470308,2.0615463847443,2.18519038120707,2.66556945852693,2.17111521465561,2.54389374513411,2.60013009272733,2.50503877684823,2.48093512156948,2.59620430976981,3.08928610383078,2.75679039039562,2.62444976700964,2.6942530690506,2.64793612766145,2.48745213381434,2.70191739062098
"PSTK",2.80890230980014,2.58672992133175,2.87301703618537,2.85988509046072,2.35141094742727,2.87031835530546,3.0409530821647,2.84130956809075,2.46129149587698,2.74750641976955,2.60763852926585,2.60088771509236,2.35573235805065,2.5745513262349,2.29014863755539,2.37098696811043,2.33426677696105,2.65411126465149,2.09281565079379,2.62004394897882,2.43922072243489
"TRIM13",3.01079755909219,2.94881349852458,2.79133753852593,2.4178851818564,2.52539289098903,3.04802740531895,2.21693718324121,2.4762982084579,2.84056132372648,2.99383030566742,3.01929092797444,2.93061680836549,3.00727337612424,3.08872320601687,3.22654182238702,3.0835025591888,3.21393777144794,3.27930279804237,2.96081989943078,2.95607989151391,3.12505624751701
"SHISA2",1.88533851618935,2.06589486572849,2.23720850730179,3.17190894536725,3.03156987602428,3.02737489860946,2.10382558684908,3.24350229017405,3.33149599048594,2.30818086204338,2.36870773507281,2.38232417420855,2.43305718662639,2.19795563558365,1.8811540067634,2.00887623070208,2.02077881958491,1.86002836764622,1.95360347362933,2.31615819924495,2.39525423189973
"ST8SIA4",2.42884373161232,2.48813911891196,2.49960253731081,2.00401843553377,2.74150387577654,2.2333463344481,1.85104898338192,2.8900259831064,2.81697584355738,2.92221098104871,2.85211113116491,2.85615747059484,2.84572407473366,2.94711197319501,3.00084228797972,3.10359381616688,2.92826134686402,3.15139775589697,2.91638071635974,2.80167437395535,2.92828105794358
"CYSLTR1",2.55280961800433,2.84317647249732,2.83635439388595,3.00683819275472,3.03316606881328,2.23036227909151,2.67501872918707,2.6671073399756,3.11061580982257,2.70178013578146,2.74924462695265,2.76789289741766,2.7978393327336,2.95022838049314,3.09374557151996,2.91718597025644,3.06214554934444,3.14229530523273,3.07912308871127,3.03007806540415,3.08522203923438
"STOX2",1.92885047814683,1.66817450713347,1.98310816460798,2.29460163535301,2.51234902362334,2.43433892576737,1.78668542987865,2.29582586064347,2.32684592992437,2.72603947891823,2.91879265079873,2.1861154283714,2.46804471459212,2.8115452184955,2.18077102683689,2.94862682324535,2.83672965711717,2.70417390293937,2.79540103358768,2.72840076482846,2.66282711485888
"MIR3142HG",2.45057704407069,2.61184587403537,2.54052850381897,2.23213115982201,2.41010742119918,2.8986143013183,2.00810712578284,2.2474688153705,2.82272872054236,2.90303364113744,2.90617984516253,2.73408114563976,2.88891543675455,2.8768000062574,3.03700190487888,2.76959022748768,2.92668415652174,2.92525433996274,2.86388236654588,2.90794587761433,3.02914081291343
"ZNF792",2.66932979037773,2.9372200814779,2.64998832742566,2.29308026788656,2.56068756746122,2.75709068452193,2.29979150029394,2.8299867209541,2.64173606389858,2.92873490686709,2.7848508999504,2.85267386843747,2.59641257753782,2.98495950042648,2.80701873494576,3.13664273219974,2.95817229256896,2.96870199337293,2.86142919054942,2.88460260949714,2.92291197696322
"HCFC2",2.40653939124191,2.12688136376734,2.14340909297698,2.20373020412779,1.9926016774843,2.32404672313244,2.39038951902572,1.78386185122328,2.42831367069003,2.52569230930643,2.48989354807971,2.44669823569916,2.55892637153036,2.61381804188837,2.79874607663719,2.7418696982856,2.37299888726252,2.51501146913314,2.61957757879055,2.40485926311336,2.62669284180769
"PIGM",2.86165945232702,2.70827862956756,2.717136363392,2.5902918192299,2.3492489173952,2.43327756659773,2.33142117765674,2.2974359055063,2.65416077018398,3.09661202511652,2.99316946599513,2.97226547952321,2.87446944580134,3.01561103372616,2.8400184224563,2.89726288883948,2.89430965121061,3.00871473475095,2.94234221615162,2.99788616628698,3.01443724572655
"FBXL3",2.36295654966248,2.56674161730094,2.37557914167332,2.72430494393874,2.31338111624892,2.45663164878558,2.57898193293341,2.49142727815824,2.45730378004617,2.64381579374803,2.52222703391217,2.44633670090992,2.31847419137084,2.29200660769209,1.90534781854181,2.01078950441965,2.00353639647648,2.23733395787386,2.31094586717047,2.35597952524504,2.52585840329814
"DHFR2",2.37048208492486,2.40841052093541,2.30844417465553,1.94652538777171,2.53989604154312,2.77297911969393,2.19826657333498,2.52533350105908,1.90909411941726,2.66200195817575,2.51471335990913,2.71240516924308,2.75844965676214,2.76735605952579,2.70775712295405,2.88089451970957,2.623316032923,2.92540855192221,2.73007472172338,2.44738849959705,2.64592802728865
"TRIP11",2.61650991070367,2.64383426064344,2.39732079667518,2.7406502168143,2.72392131926244,2.27723018410529,2.34182524914886,2.29940498090453,2.52460157633358,2.87469389852233,2.98807058143098,2.77803001606425,2.6859235579181,2.61727755702764,3.05323352581677,2.89224548610314,3.05971504117584,2.98468886828087,2.69509919844964,2.82497798057577,2.86482381113847
"GIPC2",2.0586981617724,1.66466305221168,2.26607288593823,2.40705112700116,2.33376490220939,2.04872688360645,2.08700619844128,2.00082570657495,1.85703985205758,2.33212988066057,2.3724130754329,2.07546006674492,2.17143519334928,2.47801478031152,1.98459336037469,3.01610350107704,2.64204880392375,2.73470723605178,2.26667681675418,2.6731296578121,2.66002385440652
"MIR646HG",2.14411164845841,2.24703033380595,2.02691193025354,2.38021992762947,2.24500697436048,2.25695206412282,2.33996797845526,2.21073889685588,2.02746053855015,2.92272667620076,2.79841078053433,2.23591358732925,2.43645610629436,2.27958985623536,2.72193497125018,2.6179916845409,2.53904785893919,2.90006514707039,2.52830750909051,2.75367726818237,2.7680208277226
"FIGN",1.92519888040058,1.97662978566675,2.01489905795139,1.87479106529338,2.79714063513055,2.22675635613123,2.05570273005001,1.85575773155775,1.93229971047177,2.01755744788466,1.84762817070402,1.66330727050273,1.88151270747576,2.67342051481132,2.68324931796821,2.68521155483482,2.51930965576287,2.97288469425636,2.8118386448619,2.28416407732681,2.49369779667985
"FIGN",1.76020220728007,1.67345918578105,2.01382525516697,1.61052101323137,2.81656837442162,1.84493795765197,2.20213244568338,1.83543218092136,1.76805852687354,2.52200350577624,1.58850813179717,1.59007643638279,1.75268951247772,2.88979456000119,3.09869477012958,3.04183697268911,2.75196966832889,3.14410838458648,3.01716901660953,2.31169550072995,2.68344337104929
"AL603750.1",2.13150223518472,2.12745961765138,2.34904845007808,2.18819358955371,2.0358702024938,2.2778937207823,2.11350648230383,2.02167337667869,1.92633841206066,2.79609932770343,2.46410676119834,2.42363625408634,2.39191643523617,2.49707452778382,2.80800790291681,2.88545781176915,2.53802009095555,2.51427832797135,2.66311914506409,2.41660548757716,2.56797760733571
"DNAJC3-DT",2.3644365604426,2.289242809404,2.56696976367558,2.1015119176476,2.94758481006421,1.88384169983583,2.47047725589282,2.21905976233134,2.82337702358738,2.76559712035902,2.78650373371393,2.60426351201566,2.78877068305781,2.78201890077036,2.69201312269148,3.06171071329569,2.88311910907665,2.87988099604322,2.80472744421366,2.80945519310665,2.86429313540929
"RASSF9",1.8675956405972,1.74102898781811,1.95427300387825,1.76549146486252,1.94798476741214,1.84315295004808,2.23368593376396,2.04523256239172,1.8355958945291,1.93669672909975,1.93848905357817,2.21201363083587,2.33246333492864,2.69512437194335,2.75538968635812,2.59557980338384,2.55422487827062,2.76337056650238,2.53781812633128,2.30558565372651,2.5339226068042
"BMPR1B",2.30101045314044,2.33424989803644,2.47615794230778,2.32468591001745,2.23681219542313,2.36653344431,2.1634356129941,1.95140315682507,2.41689215347726,2.35652613010377,2.6507788022142,2.14300836562572,2.66455064998907,2.70671221790169,2.33460746014997,2.871500869174,2.53130609527824,2.67620059856313,2.81433261851643,2.57880349182386,2.70992118065051
"FIGN",1.98173869414275,2.00787613497694,2.10554935586603,1.85508952553999,2.75656219336364,2.06752410892424,1.91571668862217,1.88304010264217,1.99684715414104,2.56546484150684,1.88999445413592,1.88628167767064,1.91601337896925,3.09904115317046,3.04378806015994,3.18347508083754,2.95789881616848,3.31006900808786,3.09236560483274,2.78937703640678,2.94616545990537
"GART",2.14225200384766,2.13194764438598,2.4113199379647,2.41830087869709,1.96194146394956,1.89085249694441,2.03586879522602,1.82397226799858,1.70327836701504,2.42683849771731,2.49106010147506,2.45973507729505,2.63608676478191,2.68066192149265,2.6409223448529,2.11318039519771,2.36837221696284,2.43705538303224,2.73384954475445,2.66943070893306,2.6617384284563
"ITIH4",2.88662545033346,2.95679175619364,2.81134031890406,2.70741722527232,2.95937994430062,2.84852940319025,2.57570272536224,2.82851764814681,2.29024833242258,2.79977781032514,2.93687892549736,2.78022084658941,2.83053908849214,2.52929523510912,2.68272497460029,2.28034615636397,2.40920707415534,2.13724447115649,2.46566996496612,2.61888678289076,2.5547921652647
